prefix,year,season,label,folder,date,drone_serial,camera_serial,frames,photos,start_utc,edge_px,fine_detail,wide_share,fnumber,focus_mm,focus_finite_share,focus_values,drone,soft
surveys/2025_front_country/spring/data_collection/M3M-blue/DCIM/DJI_202504301138_001_3/,2025,spring,M3M-blue,DJI_202504301138_001_3,20250430,1581F5FK324BE00CS1SX,493OL944AB0594,20,836,2025-04-30 17:43:32.430240+00:00,3.8053214237141413,0.486907035112381,0.4,2.8,,0.0,1,blue,True
surveys/2025_front_country/spring/data_collection/M3M-blue/DCIM/DJI_202504301211_002_3/,2025,spring,M3M-blue,DJI_202504301211_002_3,20250430,1581F5FK324BE00CS1SX,493OL944AB0594,20,748,2025-04-30 18:15:31.680571+00:00,2.902058414550346,0.7573737502098083,0.0,2.8,,0.0,1,blue,False
surveys/2025_front_country/spring/data_collection/M3M-blue/DCIM/DJI_202504301241_003_3/,2025,spring,M3M-blue,DJI_202504301241_003_3,20250430,1581F5FK324BE00CS1SX,493OL944AB0594,20,506,2025-04-30 18:46:48.262315+00:00,2.991527609319539,0.4499166011810303,0.0,3.75,,0.0,1,blue,False
surveys/2025_front_country/spring/data_collection/M3M-blue/DCIM/DJI_202505011000_001_9/,2025,spring,M3M-blue,DJI_202505011000_001_9,20250501,1581F5FK324BE00CS1SX,493OL944AB0594,20,615,2025-05-01 16:05:35.412059+00:00,3.229171886185581,0.8902438879013062,0.0,3.2,,0.0,1,blue,False
surveys/2025_front_country/spring/data_collection/M3M-blue/DCIM/DJI_202505011027_003_9/,2025,spring,M3M-blue,DJI_202505011027_003_9,20250501,1581F5FK324BE00CS1SX,493OL944AB0594,20,686,2025-05-01 16:31:40.125064+00:00,3.8009670877742714,0.6029203832149506,0.5,3.2,15371.0,1.0,1,blue,True
surveys/2025_front_country/spring/data_collection/M3M-blue/DCIM/DJI_202505011056_004_9/,2025,spring,M3M-blue,DJI_202505011056_004_9,20250501,1581F5FK324BE00CS1SX,493OL944AB0594,20,729,2025-05-01 17:00:26.644235+00:00,2.9447125483542926,1.433091402053833,0.0,3.2,,0.0,1,blue,False
surveys/2025_front_country/spring/data_collection/M3M-blue/DCIM/DJI_202505011125_005_9/,2025,spring,M3M-blue,DJI_202505011125_005_9,20250501,1581F5FK324BE00CS1SX,493OL944AB0594,20,155,2025-05-01 17:27:54.365484+00:00,2.9932644158067303,1.271105408668518,0.0,3.5,,0.0,1,blue,False
surveys/2025_front_country/spring/data_collection/M3M-blue/DCIM/DJI_202505011208_006_19/,2025,spring,M3M-blue,DJI_202505011208_006_19,20250501,1581F5FK324BE00CS1SX,493OL944AB0594,20,559,2025-05-01 18:14:46.528858+00:00,3.0369088736266274,1.153678297996521,0.0,4.0,,0.0,1,blue,False
surveys/2025_front_country/spring/data_collection/M3M-blue/DCIM/DJI_202505011235_008_19/,2025,spring,M3M-blue,DJI_202505011235_008_19,20250501,1581F5FK324BE00CS1SX,493OL944AB0594,20,644,2025-05-01 18:39:26.553356+00:00,3.33699825527115,0.8566224873065948,0.2,4.0,,0.0,1,blue,False
surveys/2025_front_country/spring/data_collection/M3M-blue/DCIM/DJI_202505011307_010_19/,2025,spring,M3M-blue,DJI_202505011307_010_19,20250501,1581F5FK324BE00CS1SX,493OL944AB0594,20,490,2025-05-01 19:11:55.907680+00:00,3.1141306649910403,1.1521855592727661,0.0,4.0,,0.0,1,blue,False
surveys/2025_front_country/spring/data_collection/M3M-blue/DCIM/DJI_202505021009_011_11/,2025,spring,M3M-blue,DJI_202505021009_011_11,20250502,1581F5FK324BE00CS1SX,493OL944AB0594,20,559,2025-05-02 16:13:08.116567+00:00,3.2999400868620192,0.580905944108963,0.05,2.8,,0.0,1,blue,False
surveys/2025_front_country/spring/data_collection/M3M-blue/DCIM/DJI_202505021047_012_11/,2025,spring,M3M-blue,DJI_202505021047_012_11,20250502,1581F5FK324BE00CS1SX,493OL944AB0594,20,35,2025-05-02 16:49:51.839952+00:00,3.019413970786065,0.4385584592819214,0.0,2.8,,0.0,1,blue,False
surveys/2025_front_country/spring/data_collection/M3M-blue/DCIM/DJI_202505021124_013_11/,2025,spring,M3M-blue,DJI_202505021124_013_11,20250502,1581F5FK324BE00CS1SX,493OL944AB0594,20,578,2025-05-02 17:30:36.603029+00:00,3.201178667515329,0.7983922362327576,0.0,3.2,,0.0,1,blue,False
surveys/2025_front_country/spring/data_collection/M3M-blue/DCIM/DJI_202505021151_014_11/,2025,spring,M3M-blue,DJI_202505021151_014_11,20250502,1581F5FK324BE00CS1SX,493OL944AB0594,20,626,2025-05-02 17:55:13.451997+00:00,3.035674077421797,0.974692940711975,0.0,3.5,,0.0,1,blue,False
surveys/2025_front_country/spring/data_collection/M3M-blue/DCIM/DJI_202505021220_015_11/,2025,spring,M3M-blue,DJI_202505021220_015_11,20250502,1581F5FK324BE00CS1SX,493OL944AB0594,20,362,2025-05-02 18:25:01.168089+00:00,3.072159865729023,0.8808155655860901,0.0,3.5,,0.0,1,blue,False
surveys/2025_front_country/spring/data_collection/M3M-blue/DCIM/DJI_202505021318_016_20/,2025,spring,M3M-blue,DJI_202505021318_016_20,20250502,1581F5FK324BE00CS1SX,493OL944AB0594,20,479,2025-05-02 19:22:51.313090+00:00,3.554614461811661,0.7007520496845245,0.1,4.0,,0.0,1,blue,False
surveys/2025_front_country/spring/data_collection/M3M-blue/DCIM/DJI_202505021430_017_20/,2025,spring,M3M-blue,DJI_202505021430_017_20,20250502,1581F5FK324BE00CS1SX,493OL944AB0594,20,439,2025-05-02 20:35:06.988714+00:00,3.9722595419430076,0.36730821430683136,0.9,3.5,7691.0,1.0,1,blue,True
surveys/2025_front_country/spring/data_collection/M3M-blue/DCIM/DJI_202505021451_019_20/,2025,spring,M3M-blue,DJI_202505021451_019_20,20250502,1581F5FK324BE00CS1SX,493OL944AB0594,20,328,2025-05-02 20:54:14.340379+00:00,3.181447057837418,0.9498210251331329,0.0,3.5,,0.0,1,blue,False
surveys/2025_front_country/spring/data_collection/M3M-blue/DCIM/DJI_202505071156_020_2/,2025,spring,M3M-blue,DJI_202505071156_020_2,20250507,1581F5FK324BE00CS1SX,493OL944AB0594,20,404,2025-05-07 18:01:36.263000+00:00,3.0173336852088264,0.498767226934433,0.0,3.2,,0.0,1,blue,False
surveys/2025_front_country/spring/data_collection/M3M-blue/DCIM/DJI_202505071217_021_2/,2025,spring,M3M-blue,DJI_202505071217_021_2,20250507,1581F5FK324BE00CS1SX,493OL944AB0594,20,747,2025-05-07 18:22:16.444278+00:00,2.8568489695950303,0.6018735468387604,0.0,3.2,,0.0,1,blue,False
surveys/2025_front_country/spring/data_collection/M3M-blue/DCIM/DJI_202505071247_022_2/,2025,spring,M3M-blue,DJI_202505071247_022_2,20250507,1581F5FK324BE00CS1SX,493OL944AB0594,20,540,2025-05-07 18:51:00.193084+00:00,3.405812201294883,0.4116915911436081,0.1,3.35,,0.0,1,blue,False
surveys/2025_front_country/spring/data_collection/M3M-green/DCIM/DJI_202504301046_001_0/,2025,spring,M3M-green,DJI_202504301046_001_0,20250430,1581F5FK324B100CS0ZN,493OK984AB00LH,20,487,2025-04-30 16:55:15.478891+00:00,3.1772388837801993,0.9062545895576477,0.0,2.8,,0.0,1,green,False
surveys/2025_front_country/spring/data_collection/M3M-green/DCIM/DJI_202504301114_002_0/,2025,spring,M3M-green,DJI_202504301114_002_0,20250430,1581F5FK324B100CS0ZN,493OK984AB00LH,20,319,2025-04-30 17:19:47.525490+00:00,2.862784341591996,1.3784984350204468,0.0,3.0,,0.0,1,green,False
surveys/2025_front_country/spring/data_collection/M3M-green/DCIM/DJI_202505011002_001_8/,2025,spring,M3M-green,DJI_202505011002_001_8,20250501,1581F5FK324B100CS0ZN,493OK984AB00LH,20,649,2025-05-01 16:09:49.680477+00:00,3.0183080200448287,1.2776764035224915,0.0,3.2,,0.0,1,green,False
surveys/2025_front_country/spring/data_collection/M3M-green/DCIM/DJI_202505011033_002_8/,2025,spring,M3M-green,DJI_202505011033_002_8,20250501,1581F5FK324B100CS0ZN,493OK984AB00LH,20,428,2025-05-01 16:36:12.426709+00:00,3.0514538705372347,1.1247808933258057,0.0,3.2,,0.0,1,green,False
surveys/2025_front_country/spring/data_collection/M3M-green/DCIM/DJI_202505011100_003_8/,2025,spring,M3M-green,DJI_202505011100_003_8,20250501,1581F5FK324B100CS0ZN,493OK984AB00LH,20,672,2025-05-01 17:03:41.757698+00:00,2.814676710811737,0.8071524202823639,0.0,2.8,,0.0,1,green,False
surveys/2025_front_country/spring/data_collection/M3M-green/DCIM/DJI_202505011127_004_8/,2025,spring,M3M-green,DJI_202505011127_004_8,20250501,1581F5FK324B100CS0ZN,493OK984AB00LH,20,45,2025-05-01 17:30:43.129151+00:00,2.9636958337758363,0.16540537774562836,0.0,4.5,,0.0,1,green,False
surveys/2025_front_country/spring/data_collection/M3M-green/DCIM/DJI_202505011203_005_15/,2025,spring,M3M-green,DJI_202505011203_005_15,20250501,1581F5FK324B100CS0ZN,493OK984AB00LH,20,615,2025-05-01 18:07:31.408537+00:00,2.9975232877351603,1.3195024132728577,0.0,4.0,,0.0,1,green,False
surveys/2025_front_country/spring/data_collection/M3M-green/DCIM/DJI_202505011230_007_15/,2025,spring,M3M-green,DJI_202505011230_007_15,20250501,1581F5FK324B100CS0ZN,493OK984AB00LH,20,582,2025-05-01 18:35:22.144343+00:00,3.005796967830046,1.2254474759101868,0.0,4.0,,0.0,1,green,False
surveys/2025_front_country/spring/data_collection/M3M-green/DCIM/DJI_202505011256_008_15/,2025,spring,M3M-green,DJI_202505011256_008_15,20250501,1581F5FK324B100CS0ZN,493OK984AB00LH,20,615,2025-05-01 19:01:09.795106+00:00,3.033377434140101,1.172856867313385,0.0,4.0,,0.0,1,green,False
surveys/2025_front_country/spring/data_collection/M3M-green/DCIM/DJI_202505011330_009_15/,2025,spring,M3M-green,DJI_202505011330_009_15,20250501,1581F5FK324B100CS0ZN,493OK984AB00LH,20,351,2025-05-01 19:35:27.504886+00:00,3.0926754579833142,1.3004201650619507,0.0,4.0,,0.0,1,green,False
surveys/2025_front_country/spring/data_collection/M3M-green/DCIM/DJI_202505021005_010_12/,2025,spring,M3M-green,DJI_202505021005_010_12,20250502,1581F5FK324B100CS0ZN,493OK984AB00LH,20,204,2025-05-02 16:09:00.805236+00:00,4.144713978863566,0.1122858934104442,0.95,2.8,23052.0,1.0,1,green,True
surveys/2025_front_country/spring/data_collection/M3M-green/DCIM/DJI_202505021005_011_12/,2025,spring,M3M-green,DJI_202505021005_011_12,20250502,1581F5FK324B100CS0ZN,493OK984AB00LH,20,371,2025-05-02 16:18:08.347305+00:00,3.7458993967397527,0.16773863136768336,0.35,2.8,,0.0,1,green,True
surveys/2025_front_country/spring/data_collection/M3M-green/DCIM/DJI_202505021032_012_12/,2025,spring,M3M-green,DJI_202505021032_012_12,20250502,1581F5FK324B100CS0ZN,493OK984AB00LH,20,576,2025-05-02 16:36:01.787158+00:00,4.306325294789097,0.106738444417715,1.0,2.8,11532.0,1.0,1,green,True
surveys/2025_front_country/spring/data_collection/M3M-green/DCIM/DJI_202505021058_013_12/,2025,spring,M3M-green,DJI_202505021058_013_12,20250502,1581F5FK324B100CS0ZN,493OK984AB00LH,20,573,2025-05-02 17:02:53.031620+00:00,3.6712000384037298,0.3835611194372177,0.25,3.0,,0.0,1,green,False
surveys/2025_front_country/spring/data_collection/M3M-green/DCIM/DJI_202505021214_014_10/,2025,spring,M3M-green,DJI_202505021214_014_10,20250502,1581F5FK324B100CS0ZN,493OK984AB00LH,20,490,2025-05-02 18:21:01.173716+00:00,3.232261121558396,0.9757931232452393,0.0,4.0,,0.0,1,green,False
surveys/2025_front_country/spring/data_collection/M3M-green/DCIM/DJI_202505021241_015_10/,2025,spring,M3M-green,DJI_202505021241_015_10,20250502,1581F5FK324B100CS0ZN,493OK984AB00LH,20,540,2025-05-02 18:46:37.506507+00:00,3.005164535140459,1.0034658908843994,0.0,3.75,,0.0,1,green,False
surveys/2025_front_country/spring/data_collection/M3M-green/DCIM/DJI_202505021307_016_10/,2025,spring,M3M-green,DJI_202505021307_016_10,20250502,1581F5FK324B100CS0ZN,493OK984AB00LH,20,614,2025-05-02 19:11:39.386644+00:00,2.967472020907465,1.0271928310394287,0.0,4.0,,0.0,1,green,False
surveys/2025_front_country/spring/data_collection/M3M-green/DCIM/DJI_202505021339_017_10/,2025,spring,M3M-green,DJI_202505021339_017_10,20250502,1581F5FK324B100CS0ZN,493OK984AB00LH,20,558,2025-05-02 19:44:13.702574+00:00,3.1156831055522347,0.8892138600349426,0.0,4.0,,0.0,1,green,False
surveys/2025_front_country/spring/data_collection/M3M-green/DCIM/DJI_202505061118_001_6/,2025,spring,M3M-green,DJI_202505061118_001_6,20250506,1581F5FK324B100CS0ZN,493OK984AB00LH,20,415,2025-05-06 17:24:02.750080+00:00,2.9701297444817407,0.4195788204669952,0.0,3.2,,0.0,1,green,False
surveys/2025_front_country/spring/data_collection/M3M-green/DCIM/DJI_202505061140_003_6/,2025,spring,M3M-green,DJI_202505061140_003_6,20250506,1581F5FK324B100CS0ZN,493OK984AB00LH,20,519,2025-05-06 17:45:53.089249+00:00,5.835793693707415,0.037452295422554,1.0,3.2,3851.0,1.0,1,green,True
surveys/2025_front_country/spring/data_collection/M3M-green/DCIM/DJI_202505061203_004_6/,2025,spring,M3M-green,DJI_202505061203_004_6,20250506,1581F5FK324B100CS0ZN,493OK984AB00LH,20,543,2025-05-06 18:07:21.856396+00:00,3.15535156878936,0.46538829803466797,0.0,3.2,,0.0,1,green,False
surveys/2025_front_country/spring/data_collection/M3M-green/DCIM/DJI_202505061227_005_6/,2025,spring,M3M-green,DJI_202505061227_005_6,20250506,1581F5FK324B100CS0ZN,493OK984AB00LH,20,553,2025-05-06 18:31:11.004260+00:00,4.328201192984999,0.15739616006612775,0.85,3.5,5772.0,1.0,1,green,True
surveys/2025_front_country/spring/data_collection/M3M-green/DCIM/DJI_202505061251_006_6/,2025,spring,M3M-green,DJI_202505061251_006_6,20250506,1581F5FK324B100CS0ZN,493OK984AB00LH,20,88,2025-05-06 18:54:01.267775+00:00,4.214197687287751,0.22891785204410547,0.8,3.5,5132.0,1.0,1,green,True
surveys/2025_front_country/spring/data_collection/M3M-green/DCIM/DJI_202505071028_007_7/,2025,spring,M3M-green,DJI_202505071028_007_7,20250507,1581F5FK324B100CS0ZN,493OK984AB00LH,20,570,2025-05-07 16:33:44.938822+00:00,3.548624261528257,0.20392613112926478,0.1,2.8,,0.0,1,green,False
surveys/2025_front_country/spring/data_collection/M3M-green/DCIM/DJI_202505071053_008_7/,2025,spring,M3M-green,DJI_202505071053_008_7,20250507,1581F5FK324B100CS0ZN,493OK984AB00LH,20,401,2025-05-07 16:57:03.821435+00:00,2.926273971458773,0.3823311775922775,0.0,2.8,,0.0,1,green,False
surveys/2025_front_country/spring/data_collection/M3M-red/DCIM/DJI_202504301059_001_4/,2025,spring,M3M-red,DJI_202504301059_001_4,20250430,1581F5FKC249B00DE0MJ,493OM584AB0CXT,20,557,2025-04-30 17:05:16.348160+00:00,2.930101893325477,1.3220903873443604,0.0,2.8,,0.0,1,red,False
surveys/2025_front_country/spring/data_collection/M3M-red/DCIM/DJI_202504301131_002_4/,2025,spring,M3M-red,DJI_202504301131_002_4,20250430,1581F5FKC249B00DE0MJ,493OM584AB0CXT,20,539,2025-04-30 17:36:18.113757+00:00,2.9215486264500052,1.2025143504142761,0.0,3.5,15371.0,1.0,1,red,False
surveys/2025_front_country/spring/data_collection/M3M-red/DCIM/DJI_202504301202_004_4/,2025,spring,M3M-red,DJI_202504301202_004_4,20250430,1581F5FKC249B00DE0MJ,493OM584AB0CXT,20,88,2025-04-30 18:06:08.298422+00:00,3.495519411044648,0.5459546744823456,0.05,2.8,4620.0,1.0,1,red,False
surveys/2025_front_country/spring/data_collection/M3M-red/DCIM/DJI_202504301202_005_4/,2025,spring,M3M-red,DJI_202504301202_005_4,20250430,1581F5FKC249B00DE0MJ,493OM584AB0CXT,20,224,2025-04-30 18:11:25.266931+00:00,2.886902270762995,1.2204692959785461,0.0,4.0,23052.0,1.0,1,red,False
surveys/2025_front_country/spring/data_collection/M3M-red/DCIM/DJI_202504301317_007_4/,2025,spring,M3M-red,DJI_202504301317_007_4,20250430,1581F5FKC249B00DE0MJ,493OM584AB0CXT,20,107,2025-04-30 19:21:31.601985+00:00,2.74452186340975,1.4269275069236753,0.0,2.8,,0.0,1,red,False
surveys/2025_front_country/spring/data_collection/M3M-red/DCIM/DJI_202505011010_001_13/,2025,spring,M3M-red,DJI_202505011010_001_13,20250501,1581F5FKC249B00DE0MJ,493OM584AB0CXT,20,609,2025-05-01 16:14:14.543964+00:00,2.919161258111315,1.2560287714004517,0.0,3.2,,0.0,1,red,False
surveys/2025_front_country/spring/data_collection/M3M-red/DCIM/DJI_202505011047_003_13/,2025,spring,M3M-red,DJI_202505011047_003_13,20250501,1581F5FKC249B00DE0MJ,493OM584AB0CXT,20,202,2025-05-01 16:51:14.709558+00:00,2.8528503353786294,0.8495824933052063,0.0,3.0,46092.0,1.0,1,red,False
surveys/2025_front_country/spring/data_collection/M3M-red/DCIM/DJI_202505011156_004_14/,2025,spring,M3M-red,DJI_202505011156_004_14,20250501,1581F5FKC249B00DE0MJ,493OM584AB0CXT,20,548,2025-05-01 18:02:27.056044+00:00,3.189619400729986,0.9990521371364594,0.0,4.0,,0.0,1,red,False
surveys/2025_front_country/spring/data_collection/M3M-red/DCIM/DJI_202505011228_005_14/,2025,spring,M3M-red,DJI_202505011228_005_14,20250501,1581F5FKC249B00DE0MJ,493OM584AB0CXT,20,566,2025-05-01 18:33:20.482706+00:00,3.2916628478612022,1.1037490367889404,0.05,4.0,46092.0,1.0,1,red,False
surveys/2025_front_country/spring/data_collection/M3M-red/DCIM/DJI_202505011259_007_14/,2025,spring,M3M-red,DJI_202505011259_007_14,20250501,1581F5FKC249B00DE0MJ,493OM584AB0CXT,20,124,2025-05-01 19:03:09.962304+00:00,3.14079249859728,1.2254719734191895,0.0,4.0,,0.0,1,red,False
surveys/2025_front_country/spring/data_collection/M3M-red/DCIM/DJI_202505011259_008_14/,2025,spring,M3M-red,DJI_202505011259_008_14,20250501,1581F5FKC249B00DE0MJ,493OM584AB0CXT,20,411,2025-05-01 19:10:58.730675+00:00,3.123463936015438,1.2014885544776917,0.0,4.0,,0.0,1,red,False
surveys/2025_front_country/spring/data_collection/M3M-red/DCIM/DJI_202505011352_009_18/,2025,spring,M3M-red,DJI_202505011352_009_18,20250501,1581F5FKC249B00DE0MJ,493OM584AB0CXT,20,515,2025-05-01 19:55:52.492788+00:00,4.138005314869249,0.37925612926483154,0.8,4.0,,0.0,1,red,True
surveys/2025_front_country/spring/data_collection/M3M-red/DCIM/DJI_202505011419_011_18/,2025,spring,M3M-red,DJI_202505011419_011_18,20250501,1581F5FKC249B00DE0MJ,493OM584AB0CXT,20,485,2025-05-01 20:22:39.816966+00:00,3.147970371138599,1.0064071714878082,0.0,4.0,15371.0,1.0,1,red,False
surveys/2025_front_country/spring/data_collection/M3M-red/DCIM/DJI_202505021013_012_17/,2025,spring,M3M-red,DJI_202505021013_012_17,20250502,1581F5FKC249B00DE0MJ,493OM584AB0CXT,20,400,2025-05-02 16:17:45.879943+00:00,2.963968037162184,0.7610149383544922,0.0,2.8,46092.0,0.6,2,red,False
surveys/2025_front_country/spring/data_collection/M3M-red/DCIM/DJI_202505021045_014_17/,2025,spring,M3M-red,DJI_202505021045_014_17,20250502,1581F5FKC249B00DE0MJ,493OM584AB0CXT,20,109,2025-05-02 16:48:48.287938+00:00,2.913119095923276,1.0645586848258972,0.0,3.2,,0.0,1,red,False
surveys/2025_front_country/spring/data_collection/M3M-red/DCIM/DJI_202505021045_015_17/,2025,spring,M3M-red,DJI_202505021045_015_17,20250502,1581F5FKC249B00DE0MJ,493OM584AB0CXT,20,74,2025-05-02 16:56:16.391580+00:00,3.0185588195165525,1.0228379964828491,0.0,3.2,46092.0,1.0,1,red,False
surveys/2025_front_country/spring/data_collection/M3M-red/DCIM/DJI_202505021128_016_17/,2025,spring,M3M-red,DJI_202505021128_016_17,20250502,1581F5FKC249B00DE0MJ,493OM584AB0CXT,20,499,2025-05-02 17:33:49.964699+00:00,2.87203861425454,1.0150204300880432,0.0,3.5,,0.0,1,red,False
surveys/2025_front_country/spring/data_collection/M3M-red/DCIM/DJI_202505021203_018_17/,2025,spring,M3M-red,DJI_202505021203_018_17,20250502,1581F5FKC249B00DE0MJ,493OM584AB0CXT,20,314,2025-05-02 18:08:04.045071+00:00,2.8871657281021488,0.6300207674503326,0.0,3.2,,0.0,1,red,False
surveys/2025_front_country/spring/data_collection/M3M-red/DCIM/DJI_202505021232_019_16/,2025,spring,M3M-red,DJI_202505021232_019_16,20250502,1581F5FKC249B00DE0MJ,493OM584AB0CXT,20,543,2025-05-02 18:35:11.988254+00:00,3.072374093819869,1.0554962754249573,0.0,4.0,5772.0,0.15,2,red,False
surveys/2025_front_country/spring/data_collection/M3M-red/DCIM/DJI_202505021303_020_16/,2025,spring,M3M-red,DJI_202505021303_020_16,20250502,1581F5FKC249B00DE0MJ,493OM584AB0CXT,20,531,2025-05-02 19:07:23.672864+00:00,3.025632859061817,1.098101556301117,0.0,4.0,23052.0,1.0,1,red,False
surveys/2025_front_country/spring/data_collection/M3M-red/DCIM/DJI_202505021346_022_16/,2025,spring,M3M-red,DJI_202505021346_022_16,20250502,1581F5FKC249B00DE0MJ,493OM584AB0CXT,20,508,2025-05-02 19:50:38.829286+00:00,3.046875423557199,0.9896357357501984,0.0,4.0,15371.0,1.0,1,red,False
surveys/2025_front_country/spring/data_collection/M3M-red/DCIM/DJI_202505061114_001_5/,2025,spring,M3M-red,DJI_202505061114_001_5,20250506,1581F5FKC249B00DE0MJ,493OM584AB0CXT,20,437,2025-05-06 17:18:00.044094+00:00,3.6349412070796623,0.42174459993839264,0.3,3.5,3303.0,1.0,1,red,True
surveys/2025_front_country/spring/data_collection/M3M-red/DCIM/DJI_202505061139_002_5/,2025,spring,M3M-red,DJI_202505061139_002_5,20250506,1581F5FKC249B00DE0MJ,493OM584AB0CXT,20,467,2025-05-06 17:42:48.279120+00:00,3.366450477862153,0.7547250986099243,0.0,3.75,4620.0,1.0,1,red,False
surveys/2025_front_country/spring/data_collection/M3M-red/DCIM/DJI_202505061206_004_5/,2025,spring,M3M-red,DJI_202505061206_004_5,20250506,1581F5FKC249B00DE0MJ,493OM584AB0CXT,20,419,2025-05-06 18:11:45.522846+00:00,2.990706871222213,1.1525648832321167,0.0,4.0,46092.0,1.0,1,red,False
surveys/2025_front_country/spring/data_collection/M3M-red/DCIM/DJI_202505061234_005_5/,2025,spring,M3M-red,DJI_202505061234_005_5,20250506,1581F5FKC249B00DE0MJ,493OM584AB0CXT,20,261,2025-05-06 18:40:03.911489+00:00,2.8636814562342847,1.2744873762130737,0.0,4.0,46092.0,1.0,1,red,False
surveys/2025_front_country/spring/data_collection/M3M-red/DCIM/DJI_202505071153_006_1/,2025,spring,M3M-red,DJI_202505071153_006_1,20250507,1581F5FKC249B00DE0MJ,493OM584AB0CXT,20,534,2025-05-07 17:58:52.104187+00:00,2.883478200436441,1.008647859096527,0.0,3.35,,0.0,1,red,False
surveys/2025_front_country/spring/data_collection/M3M-red/DCIM/DJI_202505071225_007_1/,2025,spring,M3M-red,DJI_202505071225_007_1,20250507,1581F5FKC249B00DE0MJ,493OM584AB0CXT,20,519,2025-05-07 18:31:09.911698+00:00,2.9500848163953775,1.2170373797416687,0.0,3.5,,0.0,1,red,False
surveys/2025_front_country/spring/data_collection/M3M-red/DCIM/DJI_202505071257_009_1/,2025,spring,M3M-red,DJI_202505071257_009_1,20250507,1581F5FKC249B00DE0MJ,493OM584AB0CXT,20,62,2025-05-07 19:02:59.157696+00:00,3.1271983536358645,1.1493898034095764,0.0,3.5,15371.0,1.0,1,red,False
surveys/2025_front_country/summer/data_collection/M3M-blue/DCIM/_aborted/,2025,summer,M3M-blue,_aborted,20250624,1581F5FK324BE00CS1SX,493OL944AB0594,20,219,2025-06-24 17:02:58.460497+00:00,3.2340928942027687,0.9012384116649628,0.0,3.5,,0.0,1,blue,False
surveys/2025_front_country/summer/data_collection/M3M-blue/DCIM/DJI_202506241143_002_4/,2025,summer,M3M-blue,DJI_202506241143_002_4,20250624,1581F5FK324BE00CS1SX,493OL944AB0594,20,621,2025-06-24 17:50:07.904283+00:00,3.0494064806030234,1.1403326988220215,0.0,3.75,,0.0,1,blue,False
surveys/2025_front_country/summer/data_collection/M3M-blue/DCIM/DJI_202506241213_003_4/,2025,summer,M3M-blue,DJI_202506241213_003_4,20250624,1581F5FK324BE00CS1SX,493OL944AB0594,20,596,2025-06-24 18:18:09.727285+00:00,2.9284497222923,1.219408929347992,0.0,4.0,,0.0,1,blue,False
surveys/2025_front_country/summer/data_collection/M3M-blue/DCIM/DJI_202506241241_004_4/,2025,summer,M3M-blue,DJI_202506241241_004_4,20250624,1581F5FK324BE00CS1SX,493OL944AB0594,20,644,2025-06-24 18:46:05.157760+00:00,3.0334748258175805,1.1693453192710876,0.0,4.0,,0.0,1,blue,False
surveys/2025_front_country/summer/data_collection/M3M-blue/DCIM/DJI_202506241311_005_4/,2025,summer,M3M-blue,DJI_202506241311_005_4,20250624,1581F5FK324BE00CS1SX,493OL944AB0594,20,108,2025-06-24 19:16:33.627196+00:00,3.13472604086533,0.9558075070381165,0.0,4.0,,0.0,1,blue,False
surveys/2025_front_country/summer/data_collection/M3M-blue/DCIM/DJI_202506301028_006_3/,2025,summer,M3M-blue,DJI_202506301028_006_3,20250630,1581F5FK324BE00CS1SX,493OL944AB0594,20,624,2025-06-30 16:33:56.754891+00:00,3.1055364313531193,1.0224268734455109,0.0,3.5,,0.0,1,blue,False
surveys/2025_front_country/summer/data_collection/M3M-blue/DCIM/DJI_202506301057_007_3/,2025,summer,M3M-blue,DJI_202506301057_007_3,20250630,1581F5FK324BE00CS1SX,493OL944AB0594,20,545,2025-06-30 17:01:39.891476+00:00,2.7202009543280226,0.9456306099891663,0.0,3.2,,0.0,1,blue,False
surveys/2025_front_country/summer/data_collection/M3M-blue/DCIM/DJI_202506301124_008_3/,2025,summer,M3M-blue,DJI_202506301124_008_3,20250630,1581F5FK324BE00CS1SX,493OL944AB0594,20,400,2025-06-30 17:30:04.822683+00:00,2.77175138896061,0.5281202793121338,0.0,3.75,,0.0,1,blue,False
surveys/2025_front_country/summer/data_collection/M3M-blue/DCIM/DJI_202506301151_010_3/,2025,summer,M3M-blue,DJI_202506301151_010_3,20250630,1581F5FK324BE00CS1SX,493OL944AB0594,20,292,2025-06-30 17:55:56.461126+00:00,2.8283973503523483,0.5400307476520538,0.0,4.5,,0.0,1,blue,False
surveys/2025_front_country/summer/data_collection/M3M-blue/DCIM/DJI_202507011012_001_18/,2025,summer,M3M-blue,DJI_202507011012_001_18,20250701,1581F5FK324BE00CS1SX,493OL944AB0594,20,671,2025-07-01 16:18:09.420198+00:00,3.1339381577487053,0.9748877584934235,0.0,3.5,,0.0,1,blue,False
surveys/2025_front_country/summer/data_collection/M3M-blue/DCIM/DJI_202507011041_003_18/,2025,summer,M3M-blue,DJI_202507011041_003_18,20250701,1581F5FK324BE00CS1SX,493OL944AB0594,20,618,2025-07-01 16:45:44.508185+00:00,2.8841280118634023,1.2898967266082764,0.0,4.0,,0.0,1,blue,False
surveys/2025_front_country/summer/data_collection/M3M-blue/DCIM/DJI_202507011210_006_19/,2025,summer,M3M-blue,DJI_202507011210_006_19,20250701,1581F5FK324BE00CS1SX,493OL944AB0594,20,579,2025-07-01 18:17:43.998264+00:00,3.119164391477647,0.9546525180339813,0.0,4.2,,0.0,1,blue,False
surveys/2025_front_country/summer/data_collection/M3M-blue/DCIM/DJI_202507011238_007_19/,2025,summer,M3M-blue,DJI_202507011238_007_19,20250701,1581F5FK324BE00CS1SX,493OL944AB0594,20,651,2025-07-01 18:42:25.184964+00:00,3.0168934170022004,1.0834291577339172,0.0,4.25,,0.0,1,blue,False
surveys/2025_front_country/summer/data_collection/M3M-blue/DCIM/DJI_202507011307_009_19/,2025,summer,M3M-blue,DJI_202507011307_009_19,20250701,1581F5FK324BE00CS1SX,493OL944AB0594,20,519,2025-07-01 19:11:27.124335+00:00,3.0461534039588747,0.918581634759903,0.0,4.25,,0.0,1,blue,False
surveys/2025_front_country/summer/data_collection/M3M-blue/DCIM/DJI_202507011330_010_19/,2025,summer,M3M-blue,DJI_202507011330_010_19,20250701,1581F5FK324BE00CS1SX,493OL944AB0594,20,135,2025-07-01 19:33:34.689681+00:00,3.071881365565744,0.9630237221717834,0.0,4.0,,0.0,1,blue,False
surveys/2025_front_country/summer/data_collection/M3M-blue/DCIM/DJI_202507021036_011_20/,2025,summer,M3M-blue,DJI_202507021036_011_20,20250702,1581F5FK324BE00CS1SX,493OL944AB0594,20,650,2025-07-02 16:41:14.676935+00:00,3.7032570987665023,0.4247324019670486,0.35,2.8,,0.0,1,blue,True
surveys/2025_front_country/summer/data_collection/M3M-blue/DCIM/DJI_202507021104_012_20/,2025,summer,M3M-blue,DJI_202507021104_012_20,20250702,1581F5FK324BE00CS1SX,493OL944AB0594,20,545,2025-07-02 17:08:32.185834+00:00,3.1584274068688574,0.888617604970932,0.0,3.5,,0.0,1,blue,False
surveys/2025_front_country/summer/data_collection/M3M-blue/DCIM/DJI_202507021133_013_20/,2025,summer,M3M-blue,DJI_202507021133_013_20,20250702,1581F5FK324BE00CS1SX,493OL944AB0594,20,405,2025-07-02 17:37:43.474305+00:00,2.933950422746963,1.0793957114219666,0.0,4.0,,0.0,1,blue,False
surveys/2025_front_country/summer/data_collection/M3M-blue/DCIM/DJI_202507021322_014_10/,2025,summer,M3M-blue,DJI_202507021322_014_10,20250702,1581F5FK324BE00CS1SX,493OL944AB0594,20,490,2025-07-02 19:28:17.763054+00:00,3.0085485994375336,0.9835279285907745,0.0,4.0,,0.0,1,blue,False
surveys/2025_front_country/summer/data_collection/M3M-blue/DCIM/DJI_202507021351_015_10/,2025,summer,M3M-blue,DJI_202507021351_015_10,20250702,1581F5FK324BE00CS1SX,493OL944AB0594,20,503,2025-07-02 19:56:11.877130+00:00,3.0671662095258405,0.8606130480766296,0.0,4.0,,0.0,1,blue,False
surveys/2025_front_country/summer/data_collection/M3M-blue/DCIM/DJI_202507021418_017_10/,2025,summer,M3M-blue,DJI_202507021418_017_10,20250702,1581F5FK324BE00CS1SX,493OL944AB0594,20,516,2025-07-02 20:23:34.139132+00:00,3.0357282522343665,0.8548005223274231,0.0,3.5,,0.0,1,blue,False
surveys/2025_front_country/summer/data_collection/M3M-blue/DCIM/DJI_202507021446_019_10/,2025,summer,M3M-blue,DJI_202507021446_019_10,20250702,1581F5FK324BE00CS1SX,493OL944AB0594,20,429,2025-07-02 20:51:57.204795+00:00,3.064627321068917,0.9680844843387604,0.0,4.4,,0.0,1,blue,False
surveys/2025_front_country/summer/data_collection/M3M-blue/DCIM/DJI_202507161132_020_1/,2025,summer,M3M-blue,DJI_202507161132_020_1,20250716,1581F5FK324BE00CS1SX,493OL944AB0594,20,652,2025-07-16 17:36:17.809473+00:00,2.9278452678041194,0.9334868490695952,0.0,3.5,,0.0,1,blue,False
surveys/2025_front_country/summer/data_collection/M3M-blue/DCIM/DJI_202507161200_021_1/,2025,summer,M3M-blue,DJI_202507161200_021_1,20250716,1581F5FK324BE00CS1SX,493OL944AB0594,20,699,2025-07-16 18:03:47.581250+00:00,2.973319920179395,1.0652201175689697,0.0,4.0,,0.0,1,blue,False
surveys/2025_front_country/summer/data_collection/M3M-blue/DCIM/DJI_202507161228_022_1/,2025,summer,M3M-blue,DJI_202507161228_022_1,20250716,1581F5FK324BE00CS1SX,493OL944AB0594,20,147,2025-07-16 18:32:21.365894+00:00,2.966732409493819,1.0763955116271973,0.0,3.75,,0.0,1,blue,False
surveys/2025_front_country/summer/data_collection/M3M-green/DCIM/DJI_202506251053_011_6/,2025,summer,M3M-green,DJI_202506251053_011_6,20250625,1581F5FK324B100CS0ZN,493OK984AB00LH,20,274,2025-06-25 17:03:13.204237+00:00,2.6175745922883378,0.9013341665267944,0.0,2.8,,0.0,1,green,False
surveys/2025_front_country/summer/data_collection/M3M-green/DCIM/DJI_202506251116_012_6/,2025,summer,M3M-green,DJI_202506251116_012_6,20250625,1581F5FK324B100CS0ZN,493OK984AB00LH,20,472,2025-06-25 17:23:16.688327+00:00,4.620460677713291,0.10131769999861709,1.0,2.8,5132.0,1.0,1,green,True
surveys/2025_front_country/summer/data_collection/M3M-green/DCIM/DJI_202506251142_013_6/,2025,summer,M3M-green,DJI_202506251142_013_6,20250625,1581F5FK324B100CS0ZN,493OK984AB00LH,20,475,2025-06-25 17:47:43.862065+00:00,3.869943694528848,0.18472223728895185,0.5,2.8,9228.0,1.0,1,green,True
surveys/2025_front_country/summer/data_collection/M3M-green/DCIM/DJI_202506251206_015_6/,2025,summer,M3M-green,DJI_202506251206_015_6,20250625,1581F5FK324B100CS0ZN,493OK984AB00LH,20,533,2025-06-25 18:11:03.008549+00:00,3.2288026663382183,0.4032970368862152,0.0,2.8,,0.0,1,green,False
surveys/2025_front_country/summer/data_collection/M3M-green/DCIM/DJI_202506251232_016_6/,2025,summer,M3M-green,DJI_202506251232_016_6,20250625,1581F5FK324B100CS0ZN,493OK984AB00LH,20,352,2025-06-25 18:38:52.604509+00:00,2.9427150963226865,0.8516621887683868,0.0,3.2,,0.0,1,green,False
surveys/2025_front_country/summer/data_collection/M3M-green/DCIM/DJI_202506261118_017_12/,2025,summer,M3M-green,DJI_202506261118_017_12,20250626,1581F5FK324B100CS0ZN,493OK984AB00LH,20,636,2025-06-26 17:23:27.739071+00:00,2.9608112329497276,0.47818349301815033,0.0,3.2,,0.0,1,green,False
surveys/2025_front_country/summer/data_collection/M3M-green/DCIM/DJI_202506261146_018_12/,2025,summer,M3M-green,DJI_202506261146_018_12,20250626,1581F5FK324B100CS0ZN,493OK984AB00LH,20,604,2025-06-26 17:51:10.437929+00:00,2.7602267175323405,0.6147270798683167,0.0,2.8,,0.0,1,green,False
surveys/2025_front_country/summer/data_collection/M3M-green/DCIM/DJI_202506261213_019_12/,2025,summer,M3M-green,DJI_202506261213_019_12,20250626,1581F5FK324B100CS0ZN,493OK984AB00LH,20,490,2025-06-26 18:18:01.164069+00:00,3.2321530866779495,0.5471149981021881,0.0,2.8,,0.0,1,green,False
surveys/2025_front_country/summer/data_collection/M3M-green/DCIM/DJI_202506301031_020_8/,2025,summer,M3M-green,DJI_202506301031_020_8,20250630,1581F5FK324B100CS0ZN,493OK984AB00LH,20,710,2025-06-30 16:35:59.603827+00:00,3.0159373736496233,1.161875605583191,0.0,3.5,,0.0,1,green,False
surveys/2025_front_country/summer/data_collection/M3M-green/DCIM/DJI_202506301100_021_8/,2025,summer,M3M-green,DJI_202506301100_021_8,20250630,1581F5FK324B100CS0ZN,493OK984AB00LH,20,681,2025-06-30 17:05:31.050082+00:00,3.0083489246098303,1.0328023731708527,0.0,3.5,,0.0,1,green,False
surveys/2025_front_country/summer/data_collection/M3M-green/DCIM/DJI_202506301129_022_8/,2025,summer,M3M-green,DJI_202506301129_022_8,20250630,1581F5FK324B100CS0ZN,493OK984AB00LH,20,402,2025-06-30 17:32:11.838666+00:00,2.695444316999901,0.8434499800205231,0.0,3.75,,0.0,1,green,False
surveys/2025_front_country/summer/data_collection/M3M-green/DCIM/_repeat/,2025,summer,M3M-green,_repeat,20250630,1581F5FK324B100CS0ZN,493OK984AB00LH,20,2107,2025-06-30 18:43:09.260364+00:00,2.934034505942826,0.6573737561702728,0.0,3.75,,0.0,1,green,False
surveys/2025_front_country/summer/data_collection/M3M-green/DCIM/DJI_202507011019_011_13/,2025,summer,M3M-green,DJI_202507011019_011_13,20250701,1581F5FK324B100CS0ZN,493OK984AB00LH,20,566,2025-07-01 16:25:14.095380+00:00,3.1408063274126055,0.9988388121128082,0.0,3.5,,0.0,1,green,False
surveys/2025_front_country/summer/data_collection/M3M-green/DCIM/DJI_202507011046_012_13/,2025,summer,M3M-green,DJI_202507011046_012_13,20250701,1581F5FK324B100CS0ZN,493OK984AB00LH,20,499,2025-07-01 16:50:49.502908+00:00,2.9648014558295674,1.0012430250644684,0.0,3.5,,0.0,1,green,False
surveys/2025_front_country/summer/data_collection/M3M-green/DCIM/DJI_202507011115_013_13/,2025,summer,M3M-green,DJI_202507011115_013_13,20250701,1581F5FK324B100CS0ZN,493OK984AB00LH,20,40,2025-07-01 17:19:33.040866+00:00,2.755160828579788,0.7674976289272308,0.0,3.0,,0.0,1,green,False
surveys/2025_front_country/summer/data_collection/M3M-green/DCIM/DJI_202507011213_014_15/,2025,summer,M3M-green,DJI_202507011213_014_15,20250701,1581F5FK324B100CS0ZN,493OK984AB00LH,20,617,2025-07-01 18:18:11.116799+00:00,3.0637329919010563,1.3122807741165161,0.0,4.5,,0.0,1,green,False
surveys/2025_front_country/summer/data_collection/M3M-green/DCIM/DJI_202507011240_015_15/,2025,summer,M3M-green,DJI_202507011240_015_15,20250701,1581F5FK324B100CS0ZN,493OK984AB00LH,20,567,2025-07-01 18:45:15.146901+00:00,3.059208394902217,1.0702171921730042,0.0,4.5,,0.0,1,green,False
surveys/2025_front_country/summer/data_collection/M3M-green/DCIM/DJI_202507011305_016_15/,2025,summer,M3M-green,DJI_202507011305_016_15,20250701,1581F5FK324B100CS0ZN,493OK984AB00LH,20,586,2025-07-01 19:10:08.648105+00:00,2.920867985822749,1.1564218401908875,0.0,4.5,,0.0,1,green,False
surveys/2025_front_country/summer/data_collection/M3M-green/DCIM/DJI_202507011332_017_15/,2025,summer,M3M-green,DJI_202507011332_017_15,20250701,1581F5FK324B100CS0ZN,493OK984AB00LH,20,394,2025-07-01 19:35:32.377362+00:00,2.8585976005570477,1.341456413269043,0.0,4.5,,0.0,1,green,False
surveys/2025_front_country/summer/data_collection/M3M-green/DCIM/DJI_202507021031_018_17/,2025,summer,M3M-green,DJI_202507021031_018_17,20250702,1581F5FK324B100CS0ZN,493OK984AB00LH,20,536,2025-07-02 16:36:47.096219+00:00,2.676628088629874,1.1418282985687256,0.0,2.8,,0.0,1,green,False
surveys/2025_front_country/summer/data_collection/M3M-green/DCIM/DJI_202507021057_019_17/,2025,summer,M3M-green,DJI_202507021057_019_17,20250702,1581F5FK324B100CS0ZN,493OK984AB00LH,20,456,2025-07-02 17:04:46.462010+00:00,3.1197590505259516,0.6324277222156525,0.0,3.2,,0.0,1,green,False
surveys/2025_front_country/summer/data_collection/M3M-green/DCIM/DJI_202507021130_021_17/,2025,summer,M3M-green,DJI_202507021130_021_17,20250702,1581F5FK324B100CS0ZN,493OK984AB00LH,20,320,2025-07-02 17:37:48.662292+00:00,2.6797448114629043,1.1036874651908875,0.0,4.0,,0.0,1,green,False
surveys/2025_front_country/summer/data_collection/M3M-green/DCIM/DJI_202507021154_022_17/,2025,summer,M3M-green,DJI_202507021154_022_17,20250702,1581F5FK324B100CS0ZN,493OK984AB00LH,20,343,2025-07-02 18:03:06.911617+00:00,2.7520856546228627,1.1683009266853333,0.0,4.0,,0.0,1,green,False
surveys/2025_front_country/summer/data_collection/M3M-green/DCIM/DJI_202507021220_024_17/,2025,summer,M3M-green,DJI_202507021220_024_17,20250702,1581F5FK324B100CS0ZN,493OK984AB00LH,20,60,2025-07-02 18:26:33.445910+00:00,2.750196577129392,0.8871964514255524,0.0,4.0,,0.0,1,green,False
surveys/2025_front_country/summer/data_collection/M3M-red/DCIM/_aborted/,2025,summer,M3M-red,_aborted,20250624,1581F5FKC249B00DE0MJ,493OM584AB0CXT,20,175,2025-06-24 17:01:01.465515+00:00,3.4631085627046216,0.8606056571006775,0.0,3.5,4620.0,1.0,1,red,False
surveys/2025_front_country/summer/data_collection/M3M-red/DCIM/DJI_202506241132_009_9/,2025,summer,M3M-red,DJI_202506241132_009_9,20250624,1581F5FKC249B00DE0MJ,493OM584AB0CXT,20,529,2025-06-24 17:40:49.081559+00:00,3.1537332260640243,0.9509625732898712,0.0,4.0,23052.0,1.0,1,red,False
surveys/2025_front_country/summer/data_collection/M3M-red/DCIM/DJI_202506241207_010_9/,2025,summer,M3M-red,DJI_202506241207_010_9,20250624,1581F5FKC249B00DE0MJ,493OM584AB0CXT,20,569,2025-06-24 18:11:57.514556+00:00,3.1325399538497,1.1559275388717651,0.0,4.0,,0.0,1,red,False
surveys/2025_front_country/summer/data_collection/M3M-red/DCIM/DJI_202506241239_012_9/,2025,summer,M3M-red,DJI_202506241239_012_9,20250624,1581F5FKC249B00DE0MJ,493OM584AB0CXT,20,433,2025-06-24 18:43:39.401010+00:00,3.0444160071822726,1.036991149187088,0.0,4.0,,0.0,1,red,False
surveys/2025_front_country/summer/data_collection/M3M-red/DCIM/DJI_202506251101_013_2/,2025,summer,M3M-red,DJI_202506251101_013_2,20250625,1581F5FKC249B00DE0MJ,493OM584AB0CXT,20,434,2025-06-25 17:07:58.656791+00:00,2.774047877877522,0.8138391971588135,0.0,2.8,,0.0,1,red,False
surveys/2025_front_country/summer/data_collection/M3M-red/DCIM/DJI_202506251132_015_2/,2025,summer,M3M-red,DJI_202506251132_015_2,20250625,1581F5FKC249B00DE0MJ,493OM584AB0CXT,20,547,2025-06-25 17:36:39.168873+00:00,3.522215592762313,0.3926610201597214,0.0,2.8,3851.0,1.0,1,red,False
surveys/2025_front_country/summer/data_collection/M3M-red/DCIM/DJI_202506251202_017_2/,2025,summer,M3M-red,DJI_202506251202_017_2,20250625,1581F5FKC249B00DE0MJ,493OM584AB0CXT,20,241,2025-06-25 18:05:57.039008+00:00,3.1846917158340826,0.5079909861087799,0.0,2.8,5132.0,1.0,1,red,False
surveys/2025_front_country/summer/data_collection/M3M-red/DCIM/DJI_202506261110_018_7/,2025,summer,M3M-red,DJI_202506261110_018_7,20250626,1581F5FKC249B00DE0MJ,493OM584AB0CXT,20,507,2025-06-26 17:17:42.561329+00:00,2.620806457328878,0.7354492843151093,0.0,2.8,,0.0,1,red,False
surveys/2025_front_country/summer/data_collection/M3M-red/DCIM/DJI_202506261143_020_7/,2025,summer,M3M-red,DJI_202506261143_020_7,20250626,1581F5FKC249B00DE0MJ,493OM584AB0CXT,20,224,2025-06-26 17:47:09.993028+00:00,2.628278572165505,0.7937256097793579,0.0,2.8,,0.0,1,red,False
surveys/2025_front_country/summer/data_collection/M3M-red/DCIM/DJI_202506301033_021_0/,2025,summer,M3M-red,DJI_202506301033_021_0,20250630,1581F5FKC249B00DE0MJ,493OM584AB0CXT,20,399,2025-06-30 16:40:01.444240+00:00,2.799714591083414,1.612899124622345,0.0,3.5,23052.0,1.0,1,red,False
surveys/2025_front_country/summer/data_collection/M3M-red/DCIM/DJI_202506301103_022_0/,2025,summer,M3M-red,DJI_202506301103_022_0,20250630,1581F5FKC249B00DE0MJ,493OM584AB0CXT,20,177,2025-06-30 17:08:44.239107+00:00,2.700190007306855,1.5975094437599182,0.0,4.0,23052.0,1.0,1,red,False
surveys/2025_front_country/summer/data_collection/M3M-red/DCIM/DJI_202506301230_023_5/,2025,summer,M3M-red,DJI_202506301230_023_5,20250630,1581F5FKC249B00DE0MJ,493OM584AB0CXT,20,509,2025-06-30 18:34:29.819982+00:00,3.1509153319317376,0.9098171293735504,0.0,4.0,9228.0,1.0,1,red,False
surveys/2025_front_country/summer/data_collection/M3M-red/DCIM/DJI_202506301301_025_5/,2025,summer,M3M-red,DJI_202506301301_025_5,20250630,1581F5FKC249B00DE0MJ,493OM584AB0CXT,20,511,2025-06-30 19:05:43.937519+00:00,3.0833573362125515,1.0038174986839294,0.0,4.5,46092.0,1.0,1,red,False
surveys/2025_front_country/summer/data_collection/M3M-red/DCIM/DJI_202506301333_027_5/,2025,summer,M3M-red,DJI_202506301333_027_5,20250630,1581F5FKC249B00DE0MJ,493OM584AB0CXT,20,460,2025-06-30 19:38:16.872017+00:00,3.09923189181659,1.1036847829818726,0.0,4.5,,0.0,1,red,False
surveys/2025_front_country/summer/data_collection/M3M-red/DCIM/DJI_202507011008_008_14/,2025,summer,M3M-red,DJI_202507011008_008_14,20250701,1581F5FKC249B00DE0MJ,493OM584AB0CXT,20,494,2025-07-01 16:13:53.193035+00:00,3.114329697579863,1.0731291770935059,0.0,3.5,,0.0,1,red,False
surveys/2025_front_country/summer/data_collection/M3M-red/DCIM/DJI_202507011039_010_14/,2025,summer,M3M-red,DJI_202507011039_010_14,20250701,1581F5FKC249B00DE0MJ,493OM584AB0CXT,20,437,2025-07-01 16:43:16.876548+00:00,3.225098964104152,1.1849373579025269,0.0,4.0,23052.0,0.6,2,red,False
surveys/2025_front_country/summer/data_collection/M3M-red/DCIM/DJI_202507011110_012_14/,2025,summer,M3M-red,DJI_202507011110_012_14,20250701,1581F5FKC249B00DE0MJ,493OM584AB0CXT,20,301,2025-07-01 17:14:45.200700+00:00,3.067772805143847,1.1741049885749817,0.0,4.0,11532.0,1.0,1,red,False
surveys/2025_front_country/summer/data_collection/M3M-red/DCIM/DJI_202507011136_013_14/,2025,summer,M3M-red,DJI_202507011136_013_14,20250701,1581F5FKC249B00DE0MJ,493OM584AB0CXT,20,272,2025-07-01 17:41:09.704450+00:00,3.070516877495053,1.2052559852600098,0.0,4.0,46092.0,1.0,1,red,False
surveys/2025_front_country/summer/data_collection/M3M-red/DCIM/DJI_202507021029_014_16/,2025,summer,M3M-red,DJI_202507021029_014_16,20250702,1581F5FKC249B00DE0MJ,493OM584AB0CXT,20,417,2025-07-02 16:36:34.640968+00:00,2.6342060216414476,1.333744764328003,0.0,2.8,,0.0,1,red,False
surveys/2025_front_country/summer/data_collection/M3M-red/DCIM/DJI_202507021059_016_16/,2025,summer,M3M-red,DJI_202507021059_016_16,20250702,1581F5FKC249B00DE0MJ,493OM584AB0CXT,20,408,2025-07-02 17:05:35.243371+00:00,2.8013352446432935,1.2184414863586426,0.0,3.5,,0.0,1,red,False
surveys/2025_front_country/summer/data_collection/M3M-red/DCIM/DJI_202507021134_018_16/,2025,summer,M3M-red,DJI_202507021134_018_16,20250702,1581F5FKC249B00DE0MJ,493OM584AB0CXT,20,374,2025-07-02 17:39:35.773897+00:00,2.822016818531088,1.061348021030426,0.0,4.5,23052.0,0.8,2,red,False
surveys/2025_front_country/summer/data_collection/M3M-red/DCIM/DJI_202507021204_020_16/,2025,summer,M3M-red,DJI_202507021204_020_16,20250702,1581F5FKC249B00DE0MJ,493OM584AB0CXT,20,341,2025-07-02 18:09:04.246110+00:00,3.5162394090895965,0.42705202102661133,0.05,4.2,,0.0,1,red,False
surveys/2025_front_country/summer/data_collection/M3M-red/DCIM/DJI_202507021319_021_11/,2025,summer,M3M-red,DJI_202507021319_021_11,20250702,1581F5FKC249B00DE0MJ,493OM584AB0CXT,20,527,2025-07-02 19:23:28.828120+00:00,2.8465838496499085,0.947577714920044,0.0,4.45,46092.0,1.0,1,red,False
surveys/2025_front_country/summer/data_collection/M3M-red/DCIM/DJI_202507021349_022_11/,2025,summer,M3M-red,DJI_202507021349_022_11,20250702,1581F5FKC249B00DE0MJ,493OM584AB0CXT,20,519,2025-07-02 19:53:28.296755+00:00,2.890986595956738,0.8336011171340942,0.0,3.75,,0.0,1,red,False
surveys/2025_front_country/summer/data_collection/M3M-red/DCIM/DJI_202507021419_023_11/,2025,summer,M3M-red,DJI_202507021419_023_11,20250702,1581F5FKC249B00DE0MJ,493OM584AB0CXT,20,428,2025-07-02 20:23:35.066743+00:00,2.825201630437374,0.835442453622818,0.0,3.2,46092.0,1.0,1,red,False
surveys/2025_front_country/fall/data_collection/M3M-blue/DCIM/DJI_202510071117_014_6/,2025,fall,M3M-blue,DJI_202510071117_014_6,20251007,1581F5FK324BE00CS1SX,493OL944AB0594,20,370,2025-10-07 17:23:19.643145+00:00,3.802980251065903,0.1603123694658279,0.4,2.8,,0.0,1,blue,True
surveys/2025_front_country/fall/data_collection/M3M-blue/DCIM/DJI_202510071142_016_6/,2025,fall,M3M-blue,DJI_202510071142_016_6,20251007,1581F5FK324BE00CS1SX,493OL944AB0594,20,434,2025-10-07 17:47:00.163291+00:00,4.134343713144911,0.12216351926326749,0.85,2.8,23052.0,1.0,1,blue,True
surveys/2025_front_country/fall/data_collection/M3M-blue/DCIM/DJI_202510071208_018_6/,2025,fall,M3M-blue,DJI_202510071208_018_6,20251007,1581F5FK324BE00CS1SX,493OL944AB0594,20,488,2025-10-07 18:12:28.029787+00:00,3.648291712203777,0.2566412091255188,0.1,2.8,,0.0,1,blue,False
surveys/2025_front_country/fall/data_collection/M3M-blue/DCIM/DJI_202510071237_020_6/,2025,fall,M3M-blue,DJI_202510071237_020_6,20251007,1581F5FK324BE00CS1SX,493OL944AB0594,20,338,2025-10-07 18:41:10.570881+00:00,3.7059529673993064,0.34832264482975006,0.35,2.8,,0.0,1,blue,True
surveys/2025_front_country/fall/data_collection/M3M-blue/DCIM/DJI_202510071336_021_0/,2025,fall,M3M-blue,DJI_202510071336_021_0,20251007,1581F5FK324BE00CS1SX,493OL944AB0594,20,418,2025-10-07 19:41:58.311022+00:00,4.497004059256727,0.3494857847690582,1.0,2.8,5772.0,1.0,1,blue,True
surveys/2025_front_country/fall/data_collection/M3M-blue/DCIM/DJI_202510071404_023_0/,2025,fall,M3M-blue,DJI_202510071404_023_0,20251007,1581F5FK324BE00CS1SX,493OL944AB0594,20,205,2025-10-07 20:08:28.202740+00:00,3.9733135251550094,0.4465004801750183,0.75,2.8,9228.0,1.0,1,blue,True
surveys/2025_front_country/fall/data_collection/M3M-blue/DCIM/DJI_202510081141_012_12/,2025,fall,M3M-blue,DJI_202510081141_012_12,20251008,1581F5FK324BE00CS1SX,493OL944AB0594,20,586,2025-10-08 17:44:55.546835+00:00,4.009199864018452,0.31439363956451416,0.7,2.8,,0.0,1,blue,True
surveys/2025_front_country/fall/data_collection/M3M-blue/DCIM/DJI_202510081207_013_12/,2025,fall,M3M-blue,DJI_202510081207_013_12,20251008,1581F5FK324BE00CS1SX,493OL944AB0594,20,569,2025-10-08 18:12:49.601602+00:00,4.806217467033438,0.1571230143308639,1.0,2.8,4620.0,1.0,1,blue,True
surveys/2025_front_country/fall/data_collection/M3M-blue/DCIM/DJI_202510081236_015_12/,2025,fall,M3M-blue,DJI_202510081236_015_12,20251008,1581F5FK324BE00CS1SX,493OL944AB0594,20,528,2025-10-08 18:41:15.524958+00:00,6.175909106965081,0.02939142845571035,1.0,2.8,3303.0,1.0,1,blue,True
surveys/2025_front_country/fall/data_collection/M3M-blue/DCIM/DJI_202510081302_017_12/,2025,fall,M3M-blue,DJI_202510081302_017_12,20251008,1581F5FK324BE00CS1SX,493OL944AB0594,20,71,2025-10-08 19:05:54.949237+00:00,3.7444347153169772,0.16693340986967087,0.4,2.8,,0.0,1,blue,True
surveys/2025_front_country/fall/data_collection/M3M-blue/DCIM/DJI_202510081401_018_15/,2025,fall,M3M-blue,DJI_202510081401_018_15,20251008,1581F5FK324BE00CS1SX,493OL944AB0594,20,629,2025-10-08 20:05:59.586099+00:00,3.5741654625242054,0.7348679006099701,0.2,3.2,46092.0,1.0,1,blue,False
surveys/2025_front_country/fall/data_collection/M3M-blue/DCIM/DJI_202510081428_019_15/,2025,fall,M3M-blue,DJI_202510081428_019_15,20251008,1581F5FK324BE00CS1SX,493OL944AB0594,20,660,2025-10-08 20:32:13.471773+00:00,2.9211701763227,1.259893774986267,0.0,3.2,,0.0,1,blue,False
surveys/2025_front_country/fall/data_collection/M3M-blue/DCIM/DJI_202510081456_020_15/,2025,fall,M3M-blue,DJI_202510081456_020_15,20251008,1581F5FK324BE00CS1SX,493OL944AB0594,20,582,2025-10-08 21:01:08.290999+00:00,3.0320055371651353,1.1893207430839539,0.0,3.2,,0.0,1,blue,False
surveys/2025_front_country/fall/data_collection/M3M-blue/DCIM/DJI_202510081522_021_15/,2025,fall,M3M-blue,DJI_202510081522_021_15,20251008,1581F5FK324BE00CS1SX,493OL944AB0594,20,540,2025-10-08 21:26:48.085943+00:00,3.000172458094795,1.3538492321968079,0.0,3.2,,0.0,1,blue,False
surveys/2025_front_country/fall/data_collection/M3M-blue/DCIM/DJI_202510091045_022_14/,2025,fall,M3M-blue,DJI_202510091045_022_14,20251009,1581F5FK324BE00CS1SX,493OL944AB0594,20,643,2025-10-09 16:50:20.620095+00:00,4.001488271134931,0.5753531455993652,0.75,2.8,,0.0,1,blue,True
surveys/2025_front_country/fall/data_collection/M3M-blue/DCIM/DJI_202510091115_023_14/,2025,fall,M3M-blue,DJI_202510091115_023_14,20251009,1581F5FK324BE00CS1SX,493OL944AB0594,20,595,2025-10-09 17:19:35.234219+00:00,3.8623259373212173,0.5580834448337555,0.65,2.8,,0.0,1,blue,True
surveys/2025_front_country/fall/data_collection/M3M-blue/DCIM/DJI_202510091145_025_14/,2025,fall,M3M-blue,DJI_202510091145_025_14,20251009,1581F5FK324BE00CS1SX,493OL944AB0594,20,473,2025-10-09 17:51:07.117182+00:00,4.310196805852898,0.40855418145656586,0.95,2.8,5132.0,1.0,1,blue,True
surveys/2025_front_country/fall/data_collection/M3M-blue/DCIM/DJI_202510091213_026_14/,2025,fall,M3M-blue,DJI_202510091213_026_14,20251009,1581F5FK324BE00CS1SX,493OL944AB0594,20,280,2025-10-09 18:18:04.531722+00:00,3.7655321161661885,0.5560160577297211,0.35,3.0,46092.0,1.0,1,blue,True
surveys/2025_front_country/fall/data_collection/M3M-blue/DCIM/DJI_202510101259_027_3/,2025,fall,M3M-blue,DJI_202510101259_027_3,20251010,1581F5FK324BE00CS1SX,493OL944AB0594,20,585,2025-10-10 19:04:25.513678+00:00,4.074548469584741,0.5819499492645264,1.0,3.2,7691.0,1.0,1,blue,True
surveys/2025_front_country/fall/data_collection/M3M-blue/DCIM/DJI_202510101326_029_3/,2025,fall,M3M-blue,DJI_202510101326_029_3,20251010,1581F5FK324BE00CS1SX,493OL944AB0594,20,452,2025-10-10 19:30:38.244359+00:00,2.9353531321095145,0.77000293135643,0.0,2.8,,0.0,1,blue,False
surveys/2025_front_country/fall/data_collection/M3M-blue/DCIM/DJI_202510101349_030_3/,2025,fall,M3M-blue,DJI_202510101349_030_3,20251010,1581F5FK324BE00CS1SX,493OL944AB0594,20,497,2025-10-10 19:54:32.671957+00:00,2.7310275861882736,0.5766249597072601,0.0,2.8,,0.0,1,blue,False
surveys/2025_front_country/fall/data_collection/M3M-blue/DCIM/DJI_202510101413_031_3/,2025,fall,M3M-blue,DJI_202510101413_031_3,20251010,1581F5FK324BE00CS1SX,493OL944AB0594,20,467,2025-10-10 20:16:59.416337+00:00,2.671598860855889,0.6011922061443329,0.0,3.2,,0.0,1,blue,False
surveys/2025_front_country/fall/data_collection/M3M-blue/DCIM/DJI_202510101434_032_3/,2025,fall,M3M-blue,DJI_202510101434_032_3,20251010,1581F5FK324BE00CS1SX,493OL944AB0594,20,161,2025-10-10 20:38:17.332484+00:00,3.2797305661614455,0.2413685470819473,0.1,3.5,7691.0,1.0,1,blue,False
surveys/2025_front_country/fall/data_collection/M3M-green/DCIM/DJI_202510061150_007_16/,2025,fall,M3M-green,DJI_202510061150_007_16,20251006,1581F5FK324B100CS0ZN,493OK984AB00LH,20,492,2025-10-06 17:57:43.397267+00:00,3.431377570945828,0.8370816707611084,0.05,3.5,,0.0,1,green,False
surveys/2025_front_country/fall/data_collection/M3M-green/DCIM/DJI_202510061217_008_16/,2025,fall,M3M-green,DJI_202510061217_008_16,20251006,1581F5FK324B100CS0ZN,493OK984AB00LH,20,478,2025-10-06 18:23:55.995636+00:00,5.471988387971136,0.12193655967712394,1.0,3.5,4201.0,1.0,1,green,True
surveys/2025_front_country/fall/data_collection/M3M-green/DCIM/DJI_202510061243_009_16/,2025,fall,M3M-green,DJI_202510061243_009_16,20251006,1581F5FK324B100CS0ZN,493OK984AB00LH,20,468,2025-10-06 18:50:26.037607+00:00,5.460708370993316,0.1311301626265049,1.0,3.5,3556.0,1.0,1,green,True
surveys/2025_front_country/fall/data_collection/M3M-green/DCIM/DJI_202510061310_010_16/,2025,fall,M3M-green,DJI_202510061310_010_16,20251006,1581F5FK324B100CS0ZN,493OK984AB00LH,20,518,2025-10-06 19:17:06.851905+00:00,3.387334380403268,0.5791307389736176,0.1,3.35,,0.0,1,green,False
surveys/2025_front_country/fall/data_collection/M3M-green/DCIM/DJI_202510061337_011_16/,2025,fall,M3M-green,DJI_202510061337_011_16,20251006,1581F5FK324B100CS0ZN,493OK984AB00LH,20,455,2025-10-06 19:42:05.960144+00:00,3.126975929246272,0.8131342828273773,0.0,3.5,,0.0,1,green,False
surveys/2025_front_country/fall/data_collection/M3M-green/DCIM/DJI_202510061401_012_20/,2025,fall,M3M-green,DJI_202510061401_012_20,20251006,1581F5FK324B100CS0ZN,493OK984AB00LH,20,571,2025-10-06 20:07:07.380632+00:00,3.005117150081566,0.9754449129104614,0.0,3.2,,0.0,1,green,False
surveys/2025_front_country/fall/data_collection/M3M-green/DCIM/DJI_202510061428_014_20/,2025,fall,M3M-green,DJI_202510061428_014_20,20251006,1581F5FK324B100CS0ZN,493OK984AB00LH,20,699,2025-10-06 20:42:04.581524+00:00,3.004783097771167,0.962179809808731,0.0,3.2,,0.0,1,green,False
surveys/2025_front_country/fall/data_collection/M3M-green/DCIM/DJI_202510061506_015_20/,2025,fall,M3M-green,DJI_202510061506_015_20,20251006,1581F5FK324B100CS0ZN,493OK984AB00LH,20,197,2025-10-06 21:08:45.828983+00:00,3.692257212875467,0.5056142061948776,0.2,2.8,46092.0,1.0,1,green,False
surveys/2025_front_country/fall/data_collection/M3M-green/DCIM/DJI_202510071045_016_2/,2025,fall,M3M-green,DJI_202510071045_016_2,20251007,1581F5FK324B100CS0ZN,493OK984AB00LH,20,667,2025-10-07 16:50:26.730273+00:00,5.850165467845743,0.05809021368622775,1.0,2.8,4620.0,1.0,1,green,True
surveys/2025_front_country/fall/data_collection/M3M-green/DCIM/DJI_202510071113_017_2/,2025,fall,M3M-green,DJI_202510071113_017_2,20251007,1581F5FK324B100CS0ZN,493OK984AB00LH,20,675,2025-10-07 17:17:30.876203+00:00,3.6004941687252274,0.2277203053236007,0.1,2.8,,0.0,1,green,False
surveys/2025_front_country/fall/data_collection/M3M-green/DCIM/DJI_202510071141_018_2/,2025,fall,M3M-green,DJI_202510071141_018_2,20251007,1581F5FK324B100CS0ZN,493OK984AB00LH,20,454,2025-10-07 17:45:42.388533+00:00,2.8972873374085664,0.4769704192876816,0.0,2.8,,0.0,1,green,False
surveys/2025_front_country/fall/data_collection/M3M-green/DCIM/DJI_202510081109_001_11/,2025,fall,M3M-green,DJI_202510081109_001_11,20251008,1581F5FK324B100CS0ZN,493OK984AB00LH,20,376,2025-10-08 17:16:53.289180+00:00,3.0409856190250224,0.6598129272460938,0.15,2.8,,0.0,1,green,False
surveys/2025_front_country/fall/data_collection/M3M-green/DCIM/DJI_202510081135_003_11/,2025,fall,M3M-green,DJI_202510081135_003_11,20251008,1581F5FK324B100CS0ZN,493OK984AB00LH,20,477,2025-10-08 17:40:41.111319+00:00,3.557116506441125,0.3435906618833542,0.2,2.8,,0.0,1,green,False
surveys/2025_front_country/fall/data_collection/M3M-green/DCIM/DJI_202510081201_004_11/,2025,fall,M3M-green,DJI_202510081201_004_11,20251008,1581F5FK324B100CS0ZN,493OK984AB00LH,20,434,2025-10-08 18:07:36.568078+00:00,3.473883608383858,0.4126456528902054,0.1,2.8,,0.0,1,green,False
surveys/2025_front_country/fall/data_collection/M3M-green/DCIM/DJI_202510081227_005_11/,2025,fall,M3M-green,DJI_202510081227_005_11,20251008,1581F5FK324B100CS0ZN,493OK984AB00LH,20,521,2025-10-08 18:34:04.741817+00:00,5.746135717963773,0.124365821480751,1.0,3.15,3303.0,1.0,1,green,True
surveys/2025_front_country/fall/data_collection/M3M-green/DCIM/DJI_202510081254_007_11/,2025,fall,M3M-green,DJI_202510081254_007_11,20251008,1581F5FK324B100CS0ZN,493OK984AB00LH,20,447,2025-10-08 18:57:52.839915+00:00,4.517752705326542,0.14666665345430369,0.9,2.8,6594.0,1.0,1,green,True
surveys/2025_front_country/fall/data_collection/M3M-green/DCIM/DJI_202510091258_008_9/,2025,fall,M3M-green,DJI_202510091258_008_9,20251009,1581F5FK324B100CS0ZN,493OK984AB00LH,20,502,2025-10-09 19:02:06.751915+00:00,3.6586884474990384,0.7443146705627441,0.25,2.8,,0.0,1,green,False
surveys/2025_front_country/fall/data_collection/M3M-green/DCIM/DJI_202510091326_010_9/,2025,fall,M3M-green,DJI_202510091326_010_9,20251009,1581F5FK324B100CS0ZN,493OK984AB00LH,20,490,2025-10-09 19:29:30.380654+00:00,3.4098717314381446,0.7922910153865814,0.1,3.2,,0.0,1,green,False
surveys/2025_front_country/fall/data_collection/M3M-green/DCIM/DJI_202510091349_011_9/,2025,fall,M3M-green,DJI_202510091349_011_9,20251009,1581F5FK324B100CS0ZN,493OK984AB00LH,20,597,2025-10-09 19:52:51.395198+00:00,3.3539758091364584,0.9423466622829437,0.0,3.2,,0.0,1,green,False
surveys/2025_front_country/fall/data_collection/M3M-green/DCIM/DJI_202510091416_012_9/,2025,fall,M3M-green,DJI_202510091416_012_9,20251009,1581F5FK324B100CS0ZN,493OK984AB00LH,20,450,2025-10-09 20:20:51.626734+00:00,3.5482642360641243,0.6896888613700867,0.1,3.2,23052.0,1.0,1,green,False
surveys/2025_front_country/fall/data_collection/M3M-green/DCIM/DJI_202510101256_013_8/,2025,fall,M3M-green,DJI_202510101256_013_8,20251010,1581F5FK324B100CS0ZN,493OK984AB00LH,20,505,2025-10-10 19:00:23.524970+00:00,3.290475899156416,0.9725748002529144,0.0,3.2,,0.0,1,green,False
surveys/2025_front_country/fall/data_collection/M3M-green/DCIM/DJI_202510101319_014_8/,2025,fall,M3M-green,DJI_202510101319_014_8,20251010,1581F5FK324B100CS0ZN,493OK984AB00LH,20,527,2025-10-10 19:23:04.080384+00:00,3.1894348371031374,0.8929244577884674,0.0,3.2,,0.0,1,green,False
surveys/2025_front_country/fall/data_collection/M3M-green/DCIM/DJI_202510101343_016_8/,2025,fall,M3M-green,DJI_202510101343_016_8,20251010,1581F5FK324B100CS0ZN,493OK984AB00LH,20,606,2025-10-10 19:46:26.927793+00:00,2.8822447218462734,1.0594642162322998,0.0,2.8,,0.0,1,green,False
surveys/2025_front_country/fall/data_collection/M3M-green/DCIM/DJI_202510101408_018_8/,2025,fall,M3M-green,DJI_202510101408_018_8,20251010,1581F5FK324B100CS0ZN,493OK984AB00LH,20,371,2025-10-10 20:11:36.713497+00:00,2.867365063467852,0.3837137967348099,0.0,3.2,,0.0,1,green,False
surveys/2025_front_country/fall/data_collection/M3M-red/DCIM/DJI_202510061135_002_19/,2025,fall,M3M-red,DJI_202510061135_002_19,20251006,1581F5FK324BE00CS1SX,493OL944AB0594,20,423,2025-10-06 17:52:10.858794+00:00,3.958593282929238,0.43130993843078613,0.8,3.0,,0.0,1,blue,True
surveys/2025_front_country/fall/data_collection/M3M-red/DCIM/DJI_202510061228_004_19/,2025,fall,M3M-red,DJI_202510061228_004_19,20251006,1581F5FK324BE00CS1SX,493OL944AB0594,20,406,2025-10-06 18:34:16.741527+00:00,3.181047080184954,1.1375961899757385,0.0,3.2,,0.0,1,blue,False
surveys/2025_front_country/fall/data_collection/M3M-red/DCIM/DJI_202510061255_006_19/,2025,fall,M3M-red,DJI_202510061255_006_19,20251006,1581F5FK324BE00CS1SX,493OL944AB0594,20,458,2025-10-06 18:59:25.814213+00:00,4.202279145781796,0.32807004451751703,0.95,3.2,5772.0,1.0,1,blue,True
surveys/2025_front_country/fall/data_collection/M3M-red/DCIM/DJI_202510061324_007_19/,2025,fall,M3M-red,DJI_202510061324_007_19,20251006,1581F5FK324BE00CS1SX,493OL944AB0594,20,109,2025-10-06 19:28:42.707116+00:00,3.949238920355465,0.33556118607521057,0.7,3.2,5772.0,1.0,1,blue,True
surveys/2025_front_country/fall/data_collection/M3M-red/DCIM/DJI_202510061337_008_17/,2025,fall,M3M-red,DJI_202510061337_008_17,20251006,1581F5FK324BE00CS1SX,493OL944AB0594,20,336,2025-10-06 19:46:13.282716+00:00,3.1039274770086926,0.5782200992107391,0.0,2.8,,0.0,1,blue,False
surveys/2025_front_country/fall/data_collection/M3M-red/DCIM/DJI_202510061407_010_17/,2025,fall,M3M-red,DJI_202510061407_010_17,20251006,1581F5FK324BE00CS1SX,493OL944AB0594,20,345,2025-10-06 20:13:58.244080+00:00,3.669534346706852,0.37066788971424103,0.1,2.8,,0.0,1,blue,False
surveys/2025_front_country/fall/data_collection/M3M-red/DCIM/DJI_202510061435_012_17/,2025,fall,M3M-red,DJI_202510061435_012_17,20251006,1581F5FK324BE00CS1SX,493OL944AB0594,20,426,2025-10-06 20:43:00.107317+00:00,3.4437573226965217,0.6320651769638062,0.0,3.2,,0.0,1,blue,False
surveys/2025_front_country/fall/data_collection/M3M-red/DCIM/DJI_202510061507_013_17/,2025,fall,M3M-red,DJI_202510061507_013_17,20251006,1581F5FK324BE00CS1SX,493OL944AB0594,20,155,2025-10-06 21:12:28.768286+00:00,2.8949392518114525,0.7743541300296783,0.0,2.8,,0.0,1,blue,False
surveys/2025_front_country/fall/data_collection/M3M-red/DCIM/DJI_202510071111_003_5/,2025,fall,M3M-red,DJI_202510071111_003_5,20251007,1581F5FKC249B00DE0MJ,493OM584AB0CXT,20,687,2025-10-07 17:18:17.312676+00:00,3.8810390746517287,0.36132894456386566,0.55,2.8,3556.0,1.0,1,red,True
surveys/2025_front_country/fall/data_collection/M3M-red/DCIM/DJI_202510071143_004_5/,2025,fall,M3M-red,DJI_202510071143_004_5,20251007,1581F5FKC249B00DE0MJ,493OM584AB0CXT,20,744,2025-10-07 17:49:12.674291+00:00,2.9693346093336266,0.9993182122707367,0.0,2.8,,0.0,1,red,False
surveys/2025_front_country/fall/data_collection/M3M-red/DCIM/DJI_202510071215_005_5/,2025,fall,M3M-red,DJI_202510071215_005_5,20251007,1581F5FKC249B00DE0MJ,493OM584AB0CXT,20,372,2025-10-07 18:19:04.699573+00:00,2.9576966567635403,1.041641891002655,0.0,2.8,,0.0,1,red,False
surveys/2025_front_country/fall/data_collection/M3M-red/DCIM/DJI_202510071241_006_5/,2025,fall,M3M-red,DJI_202510071241_006_5,20251007,1581F5FKC249B00DE0MJ,493OM584AB0CXT,20,610,2025-10-07 18:45:58.065534+00:00,2.9225802589629715,0.9677298069000244,0.0,2.8,,0.0,1,red,False
surveys/2025_front_country/fall/data_collection/M3M-red/DCIM/DJI_202510071329_007_1/,2025,fall,M3M-red,DJI_202510071329_007_1,20251007,1581F5FKC249B00DE0MJ,493OM584AB0CXT,20,681,2025-10-07 19:35:13.632107+00:00,2.897589633898078,1.0237876176834106,0.0,2.8,,0.0,1,red,False
surveys/2025_front_country/fall/data_collection/M3M-red/DCIM/DJI_202510071402_009_1/,2025,fall,M3M-red,DJI_202510071402_009_1,20251007,1581F5FKC249B00DE0MJ,493OM584AB0CXT,20,696,2025-10-07 20:06:42.585977+00:00,3.2243849091271475,0.4410170465707779,0.0,2.8,5132.0,1.0,1,red,False
surveys/2025_front_country/fall/data_collection/M3M-red/DCIM/DJI_202510071433_011_1/,2025,fall,M3M-red,DJI_202510071433_011_1,20251007,1581F5FKC249B00DE0MJ,493OM584AB0CXT,20,90,2025-10-07 20:41:19.549182+00:00,2.736296634837739,0.7721298933029175,0.0,2.8,,0.0,1,red,False
surveys/2025_front_country/fall/data_collection/M3M-red/DCIM/DJI_202510081103_014_7/,2025,fall,M3M-red,DJI_202510081103_014_7,20251008,1581F5FKC249B00DE0MJ,493OM584AB0CXT,20,341,2025-10-08 17:08:55.256784+00:00,2.697591406934901,0.5507441759109497,0.0,2.8,,0.0,1,red,False
surveys/2025_front_country/fall/data_collection/M3M-red/DCIM/DJI_202510081127_016_7/,2025,fall,M3M-red,DJI_202510081127_016_7,20251008,1581F5FKC249B00DE0MJ,493OM584AB0CXT,20,416,2025-10-08 17:31:43.025503+00:00,3.9207845082959283,0.1406333446502685,0.75,2.8,3303.0,1.0,1,red,True
surveys/2025_front_country/fall/data_collection/M3M-red/DCIM/DJI_202510081153_018_7/,2025,fall,M3M-red,DJI_202510081153_018_7,20251008,1581F5FKC249B00DE0MJ,493OM584AB0CXT,20,58,2025-10-08 17:56:53.454678+00:00,2.690092793610832,0.537717878818512,0.0,2.8,,0.0,1,red,False
surveys/2025_front_country/fall/data_collection/M3M-red/DCIM/DJI_202510081404_019_18/,2025,fall,M3M-red,DJI_202510081404_019_18,20251008,1581F5FKC249B00DE0MJ,493OM584AB0CXT,20,535,2025-10-08 20:09:35.889958+00:00,3.304150471874733,0.8298659920692444,0.15,3.2,6594.0,1.0,1,red,False
surveys/2025_front_country/fall/data_collection/M3M-red/DCIM/DJI_202510081437_021_18/,2025,fall,M3M-red,DJI_202510081437_021_18,20251008,1581F5FKC249B00DE0MJ,493OM584AB0CXT,20,458,2025-10-08 20:42:06.465003+00:00,2.9006392946071338,1.5562067031860352,0.0,3.2,23052.0,1.0,1,red,False
surveys/2025_front_country/fall/data_collection/M3M-red/DCIM/DJI_202510081507_022_18/,2025,fall,M3M-red,DJI_202510081507_022_18,20251008,1581F5FKC249B00DE0MJ,493OM584AB0CXT,20,55,2025-10-08 21:11:39.900288+00:00,3.028542576524475,0.7935074269771576,0.0,2.8,,0.0,1,red,False
surveys/2025_front_country/fall/data_collection/M3M-red/DCIM/DJI_202510091049_023_13/,2025,fall,M3M-red,DJI_202510091049_023_13,20251009,1581F5FKC249B00DE0MJ,493OM584AB0CXT,20,539,2025-10-09 16:54:14.786891+00:00,3.01399059570533,1.0958859324455261,0.0,2.8,11532.0,1.0,1,red,False
surveys/2025_front_country/fall/data_collection/M3M-red/DCIM/DJI_202510091121_025_13/,2025,fall,M3M-red,DJI_202510091121_025_13,20251009,1581F5FKC249B00DE0MJ,493OM584AB0CXT,20,297,2025-10-09 17:24:42.938906+00:00,2.8300100872423575,1.195696771144867,0.0,2.8,,0.0,1,red,False
surveys/2025_front_country/fall/data_collection/M3M-red/DCIM/DJI_202510091256_026_10/,2025,fall,M3M-red,DJI_202510091256_026_10,20251009,1581F5FKC249B00DE0MJ,493OM584AB0CXT,20,462,2025-10-09 19:01:00.909074+00:00,2.9800260424813074,0.8878855109214783,0.0,3.35,,0.0,1,red,False
surveys/2025_front_country/fall/data_collection/M3M-red/DCIM/DJI_202510091325_028_10/,2025,fall,M3M-red,DJI_202510091325_028_10,20251009,1581F5FKC249B00DE0MJ,493OM584AB0CXT,20,479,2025-10-09 19:30:02.105929+00:00,3.2675347428984534,0.6973240673542023,0.0,3.0,7691.0,1.0,1,red,False
surveys/2025_front_country/fall/data_collection/M3M-red/DCIM/DJI_202510091355_029_10/,2025,fall,M3M-red,DJI_202510091355_029_10,20251009,1581F5FKC249B00DE0MJ,493OM584AB0CXT,20,453,2025-10-09 20:00:03.533312+00:00,3.023844404465348,0.98971027135849,0.0,2.8,,0.0,1,red,False
surveys/2025_front_country/fall/data_collection/M3M-red/DCIM/DJI_202510091424_030_10/,2025,fall,M3M-red,DJI_202510091424_030_10,20251009,1581F5FKC249B00DE0MJ,493OM584AB0CXT,20,315,2025-10-09 20:29:40.164233+00:00,2.9131526114611868,0.8379985094070435,0.0,3.0,,0.0,1,red,False
surveys/2025_front_country/fall/data_collection/M3M-red/DCIM/DJI_202510101252_031_4/,2025,fall,M3M-red,DJI_202510101252_031_4,20251010,1581F5FKC249B00DE0MJ,493OM584AB0CXT,20,376,2025-10-10 18:57:23.946965+00:00,2.8415656604573067,1.0270454287528992,0.0,3.5,,0.0,1,red,False
surveys/2025_front_country/fall/data_collection/M3M-red/DCIM/DJI_202510101318_032_4/,2025,fall,M3M-red,DJI_202510101318_032_4,20251010,1581F5FKC249B00DE0MJ,493OM584AB0CXT,20,337,2025-10-10 19:23:00.392341+00:00,2.86582290785752,1.1426225304603577,0.0,3.2,46092.0,1.0,1,red,False
surveys/2025_front_country/fall/data_collection/M3M-red/DCIM/DJI_202510101341_034_4/,2025,fall,M3M-red,DJI_202510101341_034_4,20251010,1581F5FKC249B00DE0MJ,493OM584AB0CXT,20,354,2025-10-10 19:46:24.767980+00:00,2.8774499317384157,1.3440947532653809,0.0,2.8,15371.0,1.0,1,red,False
surveys/2025_front_country/fall/data_collection/M3M-red/DCIM/DJI_202510101406_036_4/,2025,fall,M3M-red,DJI_202510101406_036_4,20251010,1581F5FKC249B00DE0MJ,493OM584AB0CXT,20,354,2025-10-10 20:11:23.060934+00:00,2.9396999612248003,1.361620306968689,0.0,3.2,46092.0,1.0,1,red,False
surveys/2025_front_country/fall/data_collection/M3M-red/DCIM/DJI_202510101430_038_4/,2025,fall,M3M-red,DJI_202510101430_038_4,20251010,1581F5FKC249B00DE0MJ,493OM584AB0CXT,20,119,2025-10-10 20:33:29.375243+00:00,3.0210123731917307,1.519005537033081,0.0,3.2,15371.0,1.0,1,red,False
surveys/2026_front_country/spring/data_collection/M3M-blue/DCIM/DJI_202604271051_001_20/,2026,spring,M3M-blue,DJI_202604271051_001_20,20260427,1581F5FK324BE00CS1SX,493OL944AB0594,20,569,2026-04-27 16:57:45.263563+00:00,3.0335719568787134,1.030250608921051,0.0,3.0,,0.0,1,blue,False
surveys/2026_front_country/spring/data_collection/M3M-blue/DCIM/DJI_202604271119_002_20/,2026,spring,M3M-blue,DJI_202604271119_002_20,20260427,1581F5FK324BE00CS1SX,493OL944AB0594,20,620,2026-04-27 17:24:32.270091+00:00,2.914741854604236,1.0364633202552795,0.0,3.2,,0.0,1,blue,False
surveys/2026_front_country/spring/data_collection/M3M-blue/DCIM/DJI_202604271147_003_20/,2026,spring,M3M-blue,DJI_202604271147_003_20,20260427,1581F5FK324BE00CS1SX,493OL944AB0594,20,270,2026-04-27 17:51:44.615475+00:00,3.0085570768757774,1.1591036319732666,0.0,3.2,,0.0,1,blue,False
surveys/2026_front_country/spring/data_collection/M3M-blue/DCIM/DJI_202604271216_004_19/,2026,spring,M3M-blue,DJI_202604271216_004_19,20260427,1581F5FK324BE00CS1SX,493OL944AB0594,20,552,2026-04-27 18:26:17.619483+00:00,4.271311082530026,0.3776734918355942,1.0,3.5,4620.0,1.0,1,blue,True
surveys/2026_front_country/spring/data_collection/M3M-blue/DCIM/DJI_202604271258_005_19/,2026,spring,M3M-blue,DJI_202604271258_005_19,20260427,1581F5FK324BE00CS1SX,493OL944AB0594,20,562,2026-04-27 19:03:40.050037+00:00,3.076238413323452,1.0948200225830078,0.0,3.0,,0.0,1,blue,False
surveys/2026_front_country/spring/data_collection/M3M-blue/DCIM/DJI_202604271326_006_19/,2026,spring,M3M-blue,DJI_202604271326_006_19,20260427,1581F5FK324BE00CS1SX,493OL944AB0594,20,487,2026-04-27 19:30:04.728780+00:00,2.8344724980050255,1.0298924446105957,0.0,2.8,,0.0,1,blue,False
surveys/2026_front_country/spring/data_collection/M3M-blue/DCIM/DJI_202604271404_007_19/,2026,spring,M3M-blue,DJI_202604271404_007_19,20260427,1581F5FK324BE00CS1SX,493OL944AB0594,20,254,2026-04-27 20:08:12.532604+00:00,3.171575903659461,1.009275108575821,0.0,4.0,,0.0,1,blue,False
surveys/2026_front_country/spring/data_collection/M3M-blue/DCIM/DJI_202604281037_008_4/,2026,spring,M3M-blue,DJI_202604281037_008_4,20260428,1581F5FK324BE00CS1SX,493OL944AB0594,20,510,2026-04-28 16:44:25.037567+00:00,4.964908840304153,0.21020179241895676,1.0,2.8,3303.0,1.0,1,blue,True
surveys/2026_front_country/spring/data_collection/M3M-blue/DCIM/DJI_202604281106_010_4/,2026,spring,M3M-blue,DJI_202604281106_010_4,20260428,1581F5FK324BE00CS1SX,493OL944AB0594,20,562,2026-04-28 17:11:43.094234+00:00,3.855779133084906,0.4787392020225525,0.55,2.8,,0.0,1,blue,True
surveys/2026_front_country/spring/data_collection/M3M-blue/DCIM/DJI_202604281133_011_4/,2026,spring,M3M-blue,DJI_202604281133_011_4,20260428,1581F5FK324BE00CS1SX,493OL944AB0594,20,509,2026-04-28 17:38:33.250260+00:00,3.1758584829918286,1.0855597257614136,0.0,3.2,,0.0,1,blue,False
surveys/2026_front_country/spring/data_collection/M3M-blue/DCIM/DJI_202604281205_013_4/,2026,spring,M3M-blue,DJI_202604281205_013_4,20260428,1581F5FK324BE00CS1SX,493OL944AB0594,20,342,2026-04-28 18:10:06.192507+00:00,4.203062333445919,0.44305965304374695,0.75,2.8,23052.0,1.0,1,blue,True
surveys/2026_front_country/spring/data_collection/M3M-blue/DCIM/DJI_202604281249_014_9/,2026,spring,M3M-blue,DJI_202604281249_014_9,20260428,1581F5FK324BE00CS1SX,493OL944AB0594,20,662,2026-04-28 18:53:21.353383+00:00,3.447789317515779,0.7549796998500824,0.0,3.5,,0.0,1,blue,False
surveys/2026_front_country/spring/data_collection/M3M-blue/DCIM/DJI_202604281316_015_9/,2026,spring,M3M-blue,DJI_202604281316_015_9,20260428,1581F5FK324BE00CS1SX,493OL944AB0594,20,443,2026-04-28 19:20:57.736282+00:00,3.0817675905582114,0.9609295129776001,0.0,2.8,,0.0,1,blue,False
surveys/2026_front_country/spring/data_collection/M3M-blue/DCIM/DJI_202604281355_016_9/,2026,spring,M3M-blue,DJI_202604281355_016_9,20260428,1581F5FK324BE00CS1SX,493OL944AB0594,20,655,2026-04-28 19:59:41.778282+00:00,4.280196987332051,0.3334217518568039,0.95,3.0,3303.0,1.0,1,blue,True
surveys/2026_front_country/spring/data_collection/M3M-blue/DCIM/DJI_202604281423_017_9/,2026,spring,M3M-blue,DJI_202604281423_017_9,20260428,1581F5FK324BE00CS1SX,493OL944AB0594,20,446,2026-04-28 20:27:39.098227+00:00,3.5904764361488715,0.536843478679657,0.15,2.8,,0.0,1,blue,False
surveys/2026_front_country/spring/data_collection/M3M-blue/DCIM/DJI_202604281501_018_9/,2026,spring,M3M-blue,DJI_202604281501_018_9,20260428,1581F5FK324BE00CS1SX,493OL944AB0594,20,199,2026-04-28 21:05:32.237308+00:00,3.257837902725441,0.9088745713233948,0.0,3.5,,0.0,1,blue,False
surveys/2026_front_country/spring/data_collection/M3M-blue/DCIM/DJI_202604301043_019_5/,2026,spring,M3M-blue,DJI_202604301043_019_5,20260430,1581F5FK324BE00CS1SX,493OL944AB0594,20,558,2026-04-30 16:49:54.617358+00:00,3.7921847201440535,0.5282766222953796,0.5,3.2,46092.0,1.0,1,blue,True
surveys/2026_front_country/spring/data_collection/M3M-blue/DCIM/DJI_202604301113_020_5/,2026,spring,M3M-blue,DJI_202604301113_020_5,20260430,1581F5FK324BE00CS1SX,493OL944AB0594,20,622,2026-04-30 17:18:25.765039+00:00,4.558435269413434,0.2480700612068176,1.0,3.2,3851.0,1.0,1,blue,True
surveys/2026_front_country/spring/data_collection/M3M-blue/DCIM/DJI_202604301141_021_5/,2026,spring,M3M-blue,DJI_202604301141_021_5,20260430,1581F5FK324BE00CS1SX,493OL944AB0594,20,640,2026-04-30 17:46:31.666517+00:00,2.921034318155444,1.146779716014862,0.15,3.35,3303.0,0.15,2,blue,False
surveys/2026_front_country/spring/data_collection/M3M-blue/DCIM/DJI_202604301210_023_5/,2026,spring,M3M-blue,DJI_202604301210_023_5,20260430,1581F5FK324BE00CS1SX,493OL944AB0594,20,600,2026-04-30 18:15:31.515719+00:00,3.332672613140456,0.7606339156627655,0.0,3.2,,0.0,1,blue,False
surveys/2026_front_country/spring/data_collection/M3M-blue/DCIM/DJI_202604301323_024_1/,2026,spring,M3M-blue,DJI_202604301323_024_1,20260430,1581F5FK324BE00CS1SX,493OL944AB0594,20,600,2026-04-30 19:28:49.335281+00:00,2.937810815743532,1.166351318359375,0.0,3.5,,0.0,1,blue,False
surveys/2026_front_country/spring/data_collection/M3M-blue/DCIM/DJI_202604301352_026_1/,2026,spring,M3M-blue,DJI_202604301352_026_1,20260430,1581F5FK324BE00CS1SX,493OL944AB0594,20,639,2026-04-30 19:55:43.711592+00:00,2.961343140644222,1.2086068391799927,0.0,3.5,,0.0,1,blue,False
surveys/2026_front_country/spring/data_collection/M3M-blue/DCIM/DJI_202604301420_028_1/,2026,spring,M3M-blue,DJI_202604301420_028_1,20260430,1581F5FK324BE00CS1SX,493OL944AB0594,20,243,2026-04-30 20:22:51.542988+00:00,3.2498402353995193,0.5078517198562622,0.0,3.2,,0.0,1,blue,False
surveys/2026_front_country/spring/data_collection/M3M-blue/DCIM/DJI_202605011113_029_11/,2026,spring,M3M-blue,DJI_202605011113_029_11,20260501,1581F5FK324BE00CS1SX,493OL944AB0594,20,445,2026-05-01 17:21:05.369026+00:00,3.0550381731506286,0.9543272256851196,0.0,3.2,,0.0,1,blue,False
surveys/2026_front_country/spring/data_collection/M3M-blue/DCIM/DJI_202605011139_030_11/,2026,spring,M3M-blue,DJI_202605011139_030_11,20260501,1581F5FK324BE00CS1SX,493OL944AB0594,20,523,2026-05-01 17:44:37.305198+00:00,4.436151421425032,0.2164189741015434,1.0,3.5,4620.0,1.0,1,blue,True
surveys/2026_front_country/spring/data_collection/M3M-blue/DCIM/DJI_202605011205_032_11/,2026,spring,M3M-blue,DJI_202605011205_032_11,20260501,1581F5FK324BE00CS1SX,493OL944AB0594,20,497,2026-05-01 18:08:56.293297+00:00,2.9368596545786962,1.0849500894546509,0.0,3.2,,0.0,1,blue,False
surveys/2026_front_country/spring/data_collection/M3M-blue/DCIM/DJI_202605011230_034_11/,2026,spring,M3M-blue,DJI_202605011230_034_11,20260501,1581F5FK324BE00CS1SX,493OL944AB0594,20,446,2026-05-01 18:37:57.674551+00:00,3.179969752988857,1.054675281047821,0.05,3.5,,0.0,1,blue,False
surveys/2026_front_country/spring/data_collection/M3M-blue/DCIM/DJI_202605011257_035_11/,2026,spring,M3M-blue,DJI_202605011257_035_11,20260501,1581F5FK324BE00CS1SX,493OL944AB0594,20,300,2026-05-01 19:03:30.891156+00:00,2.978643616595929,1.2027462124824524,0.0,3.5,,0.0,1,blue,False
surveys/2026_front_country/spring/data_collection/M3M-blue/DCIM/DJI_202605021025_036_14/,2026,spring,M3M-blue,DJI_202605021025_036_14,20260502,1581F5FK324BE00CS1SX,493OL944AB0594,20,578,2026-05-02 16:30:46.512757+00:00,4.672263172465685,0.254344031214714,1.0,2.8,7691.0,1.0,1,blue,True
surveys/2026_front_country/spring/data_collection/M3M-blue/DCIM/DJI_202605021054_038_14/,2026,spring,M3M-blue,DJI_202605021054_038_14,20260502,1581F5FK324BE00CS1SX,493OL944AB0594,20,564,2026-05-02 16:59:40.877911+00:00,3.9156432368330716,0.5281480848789215,0.6,2.8,,0.0,1,blue,True
surveys/2026_front_country/spring/data_collection/M3M-blue/DCIM/DJI_202605021121_039_14/,2026,spring,M3M-blue,DJI_202605021121_039_14,20260502,1581F5FK324BE00CS1SX,493OL944AB0594,20,523,2026-05-02 17:26:05.567703+00:00,3.994664198998875,0.5499601662158966,0.75,2.8,11532.0,1.0,1,blue,True
surveys/2026_front_country/spring/data_collection/M3M-blue/DCIM/DJI_202605021147_041_14/,2026,spring,M3M-blue,DJI_202605021147_041_14,20260502,1581F5FK324BE00CS1SX,493OL944AB0594,20,269,2026-05-02 17:51:37.726177+00:00,4.274991685406238,0.3704196959733963,1.0,3.5,3851.0,1.0,1,blue,True
surveys/2026_front_country/spring/data_collection/M3M-blue/DCIM/DJI_202605021208_042_14/,2026,spring,M3M-blue,DJI_202605021208_042_14,20260502,1581F5FK324BE00CS1SX,493OL944AB0594,20,244,2026-05-02 18:11:44.145400+00:00,3.349434309233396,0.844659686088562,0.0,4.0,,0.0,1,blue,False
surveys/2026_front_country/spring/data_collection/M3M-green/DCIM/DJI_202604271111_003_16/,2026,spring,M3M-green,DJI_202604271111_003_16,20260427,1581F5FK324B100CS0ZN,493OK984AB00LH,20,444,2026-04-27 17:17:57.142205+00:00,3.3335715343979935,0.7415105998516083,0.0,3.2,,0.0,1,green,False
surveys/2026_front_country/spring/data_collection/M3M-green/DCIM/DJI_202604271139_005_16/,2026,spring,M3M-green,DJI_202604271139_005_16,20260427,1581F5FK324B100CS0ZN,493OK984AB00LH,20,408,2026-04-27 17:46:07.522461+00:00,2.898160498870366,1.248733103275299,0.0,3.5,,0.0,1,green,False
surveys/2026_front_country/spring/data_collection/M3M-green/DCIM/DJI_202604271205_006_16/,2026,spring,M3M-green,DJI_202604271205_006_16,20260427,1581F5FK324B100CS0ZN,493OK984AB00LH,20,409,2026-04-27 18:11:58.902962+00:00,2.900183460448676,1.3808159232139587,0.0,3.5,,0.0,1,green,False
surveys/2026_front_country/spring/data_collection/M3M-green/DCIM/DJI_202604271233_008_16/,2026,spring,M3M-green,DJI_202604271233_008_16,20260427,1581F5FK324B100CS0ZN,493OK984AB00LH,20,398,2026-04-27 18:40:08.398531+00:00,3.051080617815751,1.211131989955902,0.0,3.5,,0.0,1,green,False
surveys/2026_front_country/spring/data_collection/M3M-green/DCIM/DJI_202604271302_010_16/,2026,spring,M3M-green,DJI_202604271302_010_16,20260427,1581F5FK324B100CS0ZN,493OK984AB00LH,20,444,2026-04-27 19:09:22.427280+00:00,3.0922929208073717,1.1799731850624084,0.0,2.8,,0.0,1,green,False
surveys/2026_front_country/spring/data_collection/M3M-green/DCIM/DJI_202604281046_011_3/,2026,spring,M3M-green,DJI_202604281046_011_3,20260428,1581F5FK324B100CS0ZN,493OK984AB00LH,20,678,2026-04-28 16:50:32.137561+00:00,4.909514397523742,0.22896713763475413,1.0,2.8,3851.0,1.0,1,green,True
surveys/2026_front_country/spring/data_collection/M3M-green/DCIM/DJI_202604281114_013_3/,2026,spring,M3M-green,DJI_202604281114_013_3,20260428,1581F5FK324B100CS0ZN,493OK984AB00LH,20,671,2026-04-28 17:18:56.843232+00:00,2.577940604323687,0.9761470854282379,0.0,2.8,,0.0,1,green,False
surveys/2026_front_country/spring/data_collection/M3M-green/DCIM/DJI_202604281143_015_3/,2026,spring,M3M-green,DJI_202604281143_015_3,20260428,1581F5FK324B100CS0ZN,493OK984AB00LH,20,536,2026-04-28 17:47:10.236850+00:00,3.251214389347851,0.3812589049339294,0.0,3.2,,0.0,1,green,False
surveys/2026_front_country/spring/data_collection/M3M-green/DCIM/DJI_202604281209_016_3/,2026,spring,M3M-green,DJI_202604281209_016_3,20260428,1581F5FK324B100CS0ZN,493OK984AB00LH,20,319,2026-04-28 18:13:31.890217+00:00,3.195586205063676,0.3396322429180145,0.0,2.8,,0.0,1,green,False
surveys/2026_front_country/spring/data_collection/M3M-green/DCIM/DJI_202604291021_017_10/,2026,spring,M3M-green,DJI_202604291021_017_10,20260429,1581F5FK324B100CS0ZN,493OK984AB00LH,20,535,2026-04-29 16:31:15.240645+00:00,5.6667902520191635,0.1288536489009857,1.0,3.2,3556.0,1.0,1,green,True
surveys/2026_front_country/spring/data_collection/M3M-green/DCIM/DJI_202604291051_018_10/,2026,spring,M3M-green,DJI_202604291051_018_10,20260429,1581F5FK324B100CS0ZN,493OK984AB00LH,20,586,2026-04-29 16:56:56.189177+00:00,5.504790728039766,0.1301062740385532,1.0,3.0,3303.0,1.0,1,green,True
surveys/2026_front_country/spring/data_collection/M3M-green/DCIM/DJI_202604291119_019_10/,2026,spring,M3M-green,DJI_202604291119_019_10,20260429,1581F5FK324B100CS0ZN,493OK984AB00LH,20,482,2026-04-29 17:24:40.991950+00:00,2.8802356352131744,1.2326310276985168,0.0,2.8,,0.0,1,green,False
surveys/2026_front_country/spring/data_collection/M3M-green/DCIM/DJI_202604291144_021_10/,2026,spring,M3M-green,DJI_202604291144_021_10,20260429,1581F5FK324B100CS0ZN,493OK984AB00LH,20,411,2026-04-29 17:50:17.181021+00:00,3.2396306719485577,0.6823107898235321,0.05,3.2,,0.0,1,green,False
surveys/2026_front_country/spring/data_collection/M3M-green/DCIM/DJI_202604291210_023_10/,2026,spring,M3M-green,DJI_202604291210_023_10,20260429,1581F5FK324B100CS0ZN,493OK984AB00LH,20,257,2026-04-29 18:16:05.399348+00:00,3.2046895433679374,0.8419018089771271,0.0,3.5,,0.0,1,green,False
surveys/2026_front_country/spring/data_collection/M3M-green/DCIM/DJI_202604301048_024_2/,2026,spring,M3M-green,DJI_202604301048_024_2,20260430,1581F5FK324B100CS0ZN,493OK984AB00LH,20,438,2026-04-30 16:55:32.743103+00:00,3.1892005984042227,0.39753253757953644,0.0,2.8,,0.0,1,green,False
surveys/2026_front_country/spring/data_collection/M3M-green/DCIM/DJI_202604301118_026_2/,2026,spring,M3M-green,DJI_202604301118_026_2,20260430,1581F5FK324B100CS0ZN,493OK984AB00LH,20,560,2026-04-30 17:23:23.570145+00:00,2.82518371316265,0.5998586416244507,0.0,3.2,,0.0,1,green,False
surveys/2026_front_country/spring/data_collection/M3M-green/DCIM/DJI_202604301150_028_2/,2026,spring,M3M-green,DJI_202604301150_028_2,20260430,1581F5FK324B100CS0ZN,493OK984AB00LH,20,524,2026-04-30 17:56:31.457674+00:00,3.3053267842488943,0.3328387439250946,0.0,3.2,,0.0,1,green,False
surveys/2026_front_country/spring/data_collection/M3M-green/DCIM/DJI_202605011105_032_12/,2026,spring,M3M-green,DJI_202605011105_032_12,20260501,1581F5FK324B100CS0ZN,493OK984AB00LH,20,562,2026-05-01 17:10:00.368330+00:00,3.999598787405044,0.14283247292041773,0.95,3.2,23052.0,1.0,1,green,True
surveys/2026_front_country/spring/data_collection/M3M-green/DCIM/DJI_202605011131_033_12/,2026,spring,M3M-green,DJI_202605011131_033_12,20260501,1581F5FK324B100CS0ZN,493OK984AB00LH,20,579,2026-05-01 17:37:22.892261+00:00,3.0232911851658137,0.5656751692295074,0.0,3.2,,0.0,1,green,False
surveys/2026_front_country/spring/data_collection/M3M-green/DCIM/DJI_202605011158_034_12/,2026,spring,M3M-green,DJI_202605011158_034_12,20260501,1581F5FK324B100CS0ZN,493OK984AB00LH,20,636,2026-05-01 18:02:06.238753+00:00,3.0193692568064927,0.6664039194583893,0.0,3.5,,0.0,1,green,False
surveys/2026_front_country/spring/data_collection/M3M-green/DCIM/DJI_202605011224_035_12/,2026,spring,M3M-green,DJI_202605011224_035_12,20260501,1581F5FK324B100CS0ZN,493OK984AB00LH,20,71,2026-05-01 18:28:21.622322+00:00,3.067055370412741,0.7533122599124908,0.0,3.5,,0.0,1,green,False
surveys/2026_front_country/spring/data_collection/M3M-green/DCIM/DJI_202605021029_036_13/,2026,spring,M3M-green,DJI_202605021029_036_13,20260502,1581F5FK324B100CS0ZN,493OK984AB00LH,20,699,2026-05-02 16:33:49.245110+00:00,5.5232577201943895,0.12818139046430585,0.95,3.2,3851.0,1.0,1,green,True
surveys/2026_front_country/spring/data_collection/M3M-green/DCIM/DJI_202605021057_037_13/,2026,spring,M3M-green,DJI_202605021057_037_13,20260502,1581F5FK324B100CS0ZN,493OK984AB00LH,20,457,2026-05-02 17:01:54.924574+00:00,5.074696670866311,0.1105248369276523,0.95,2.8,3303.0,1.0,1,green,True
surveys/2026_front_country/spring/data_collection/M3M-green/DCIM/DJI_202605021247_038_18/,2026,spring,M3M-green,DJI_202605021247_038_18,20260502,1581F5FK324B100CS0ZN,493OK984AB00LH,20,482,2026-05-02 18:53:16.203996+00:00,3.2251484576951492,0.9148082137107849,0.0,4.0,,0.0,1,green,False
surveys/2026_front_country/spring/data_collection/M3M-green/DCIM/DJI_202605021314_039_18/,2026,spring,M3M-green,DJI_202605021314_039_18,20260502,1581F5FK324B100CS0ZN,493OK984AB00LH,20,496,2026-05-02 19:19:00.549752+00:00,3.1359359238839257,1.096469521522522,0.0,3.5,,0.0,1,green,False
surveys/2026_front_country/spring/data_collection/M3M-green/DCIM/DJI_202605021340_040_18/,2026,spring,M3M-green,DJI_202605021340_040_18,20260502,1581F5FK324B100CS0ZN,493OK984AB00LH,20,255,2026-05-02 19:45:08.432066+00:00,3.279074803975794,0.8252416551113129,0.05,4.0,,0.0,1,green,False
surveys/2026_front_country/spring/data_collection/M3M-red/DCIM/DJI_202604271127_001_17/,2026,spring,M3M-red,DJI_202604271127_001_17,20260427,1581F5FKC249B00DE0MJ,493OM584AB0CXT,20,290,2026-04-27 17:37:14.132441+00:00,2.931510788756144,0.9191109836101531,0.0,3.2,,0.0,1,red,False
surveys/2026_front_country/spring/data_collection/M3M-red/DCIM/DJI_202604271156_003_17/,2026,spring,M3M-red,DJI_202604271156_003_17,20260427,1581F5FKC249B00DE0MJ,493OM584AB0CXT,20,378,2026-04-27 18:02:24.360659+00:00,2.932628879507904,1.19009131193161,0.0,3.5,,0.0,1,red,False
surveys/2026_front_country/spring/data_collection/M3M-red/DCIM/DJI_202604271226_005_17/,2026,spring,M3M-red,DJI_202604271226_005_17,20260427,1581F5FKC249B00DE0MJ,493OM584AB0CXT,20,265,2026-04-27 18:32:31.950652+00:00,2.894790921310304,1.2457176446914673,0.0,3.5,46092.0,1.0,1,red,False
surveys/2026_front_country/spring/data_collection/M3M-red/DCIM/DJI_202604271259_006_17/,2026,spring,M3M-red,DJI_202604271259_006_17,20260427,1581F5FKC249B00DE0MJ,493OM584AB0CXT,20,292,2026-04-27 19:06:50.296744+00:00,3.3680011803608725,0.8012566268444061,0.0,3.35,4620.0,1.0,1,red,False
surveys/2026_front_country/spring/data_collection/M3M-red/DCIM/DJI_202604281055_009_8/,2026,spring,M3M-red,DJI_202604281055_009_8,20260428,1581F5FKC249B00DE0MJ,493OM584AB0CXT,20,406,2026-04-28 17:05:08.365800+00:00,2.4588698465319303,1.4381251335144043,0.0,2.8,,0.0,1,red,False
surveys/2026_front_country/spring/data_collection/M3M-red/DCIM/DJI_202604281125_011_8/,2026,spring,M3M-red,DJI_202604281125_011_8,20260428,1581F5FKC249B00DE0MJ,493OM584AB0CXT,20,584,2026-04-28 17:29:55.897181+00:00,2.8312082607522715,1.3378633856773376,0.0,2.8,46092.0,1.0,1,red,False
surveys/2026_front_country/spring/data_collection/M3M-red/DCIM/DJI_202604281158_013_8/,2026,spring,M3M-red,DJI_202604281158_013_8,20260428,1581F5FKC249B00DE0MJ,493OM584AB0CXT,20,418,2026-04-28 18:01:23.606230+00:00,3.0455856331429603,0.9746787250041962,0.05,3.2,3303.0,0.1,2,red,False
surveys/2026_front_country/spring/data_collection/M3M-red/DCIM/DJI_202604301048_014_6/,2026,spring,M3M-red,DJI_202604301048_014_6,20260430,1581F5FKC249B00DE0MJ,493OM584AB0CXT,20,284,2026-04-30 16:54:40.734413+00:00,3.2130454340206533,0.3238992393016815,0.0,2.8,6594.0,1.0,1,red,False
surveys/2026_front_country/spring/data_collection/M3M-red/DCIM/DJI_202604301111_016_6/,2026,spring,M3M-red,DJI_202604301111_016_6,20260430,1581F5FKC249B00DE0MJ,493OM584AB0CXT,20,475,2026-04-30 17:16:13.153326+00:00,3.0022805406545237,0.5243672132492065,0.0,2.8,11532.0,1.0,1,red,False
surveys/2026_front_country/spring/data_collection/M3M-red/DCIM/DJI_202604301142_017_6/,2026,spring,M3M-red,DJI_202604301142_017_6,20260430,1581F5FKC249B00DE0MJ,493OM584AB0CXT,20,409,2026-04-30 17:46:39.305008+00:00,2.7858736281952163,0.724942684173584,0.0,2.8,,0.0,1,red,False
surveys/2026_front_country/spring/data_collection/M3M-red/DCIM/DJI_202604301211_019_6/,2026,spring,M3M-red,DJI_202604301211_019_6,20260430,1581F5FKC249B00DE0MJ,493OM584AB0CXT,20,353,2026-04-30 18:15:08.841662+00:00,3.065148939194283,0.7360245287418365,0.0,3.2,,0.0,1,red,False
surveys/2026_front_country/spring/data_collection/M3M-red/DCIM/DJI_202604301318_020_0/,2026,spring,M3M-red,DJI_202604301318_020_0,20260430,1581F5FKC249B00DE0MJ,493OM584AB0CXT,20,358,2026-04-30 19:26:40.936828+00:00,2.9554662337800375,1.5466037392616272,0.0,3.5,,0.0,1,red,False
surveys/2026_front_country/spring/data_collection/M3M-red/DCIM/DJI_202604301348_022_0/,2026,spring,M3M-red,DJI_202604301348_022_0,20260430,1581F5FKC249B00DE0MJ,493OM584AB0CXT,20,195,2026-04-30 19:51:50.180194+00:00,3.0425241152420734,1.2404476404190063,0.0,3.5,,0.0,1,red,False
surveys/2026_front_country/spring/data_collection/M3M-red/DCIM/DJI_202605011134_023_7/,2026,spring,M3M-red,DJI_202605011134_023_7,20260501,1581F5FKC249B00DE0MJ,493OM584AB0CXT,20,405,2026-05-01 17:40:42.842182+00:00,2.8380398988728963,0.5868221819400787,0.0,2.8,,0.0,1,red,False
surveys/2026_front_country/spring/data_collection/M3M-red/DCIM/DJI_202605011203_024_7/,2026,spring,M3M-red,DJI_202605011203_024_7,20260501,1581F5FKC249B00DE0MJ,493OM584AB0CXT,20,279,2026-05-01 18:06:28.766818+00:00,2.8039451833687914,0.5789110064506531,0.0,3.2,,0.0,1,red,False
surveys/2026_front_country/spring/data_collection/M3M-red/DCIM/DJI_202605021242_025_15/,2026,spring,M3M-red,DJI_202605021242_025_15,20260502,1581F5FKC249B00DE0MJ,493OM584AB0CXT,20,41,2026-05-02 18:46:54.098466+00:00,3.3762999042530994,0.9959291219711304,0.0,3.5,4620.0,1.0,1,red,False
surveys/2026_front_country/spring/data_collection/M3M-red/DCIM/DJI_202605021242_026_15/,2026,spring,M3M-red,DJI_202605021242_026_15,20260502,1581F5FKC249B00DE0MJ,493OM584AB0CXT,20,386,2026-05-02 18:52:00.911942+00:00,3.041727583319107,1.258090853691101,0.0,3.5,,0.0,1,red,False
surveys/2026_front_country/spring/data_collection/M3M-red/DCIM/DJI_202605021311_028_15/,2026,spring,M3M-red,DJI_202605021311_028_15,20260502,1581F5FKC249B00DE0MJ,493OM584AB0CXT,20,535,2026-05-02 19:15:11.516470+00:00,3.071750914163058,1.2079524993896484,0.0,3.5,15371.0,1.0,1,red,False
surveys/2026_front_country/spring/data_collection/M3M-red/DCIM/DJI_202605021341_030_15/,2026,spring,M3M-red,DJI_202605021341_030_15,20260502,1581F5FKC249B00DE0MJ,493OM584AB0CXT,20,457,2026-05-02 19:45:01.423922+00:00,3.095574222750563,1.1893284320831299,0.0,3.5,15371.0,1.0,1,red,False
surveys/2026_front_country/spring/data_collection/M3M-red/DCIM/DJI_202605021408_032_15/,2026,spring,M3M-red,DJI_202605021408_032_15,20260502,1581F5FKC249B00DE0MJ,493OM584AB0CXT,20,273,2026-05-02 20:13:15.000369+00:00,3.1981297332457377,1.0764047503471375,0.0,3.0,9228.0,1.0,1,red,False
surveys/2026_front_country/summer/data_collection/M3M-blue/DCIM/DJI_202606221018_001_19/,2026,summer,M3M-blue,DJI_202606221018_001_19,20260622,1581F5FK324BE00CS1SX,493OL944AB0594,20,692,2026-06-22 16:22:37.151343+00:00,2.9063868252370444,1.1260430812835693,0.0,3.5,,0.0,1,blue,False
surveys/2026_front_country/summer/data_collection/M3M-blue/DCIM/DJI_202606221045_002_19/,2026,summer,M3M-blue,DJI_202606221045_002_19,20260622,1581F5FK324BE00CS1SX,493OL944AB0594,20,676,2026-06-22 16:48:54.613458+00:00,3.9075361535023827,0.46855033934116364,0.75,3.5,5132.0,1.0,1,blue,True
surveys/2026_front_country/summer/data_collection/M3M-blue/DCIM/DJI_202606221121_004_19/,2026,summer,M3M-blue,DJI_202606221121_004_19,20260622,1581F5FK324BE00CS1SX,493OL944AB0594,20,473,2026-06-22 17:25:57.291740+00:00,2.95459137914745,0.9858598411083223,0.0,3.75,,0.0,1,blue,False
surveys/2026_front_country/summer/data_collection/M3M-blue/DCIM/DJI_202606221148_006_19/,2026,summer,M3M-blue,DJI_202606221148_006_19,20260622,1581F5FK324BE00CS1SX,493OL944AB0594,20,175,2026-06-22 17:51:59.060958+00:00,3.146277282668995,0.5858029723167419,0.1,3.2,,0.0,1,blue,False
surveys/2026_front_country/summer/data_collection/M3M-blue/DCIM/DJI_202606221202_007_20/,2026,summer,M3M-blue,DJI_202606221202_007_20,20260622,1581F5FK324BE00CS1SX,493OL944AB0594,20,539,2026-06-22 18:07:59.438001+00:00,2.882159654377305,1.1525872945785522,0.0,2.8,,0.0,1,blue,False
surveys/2026_front_country/summer/data_collection/M3M-blue/DCIM/DJI_202606221228_008_20/,2026,summer,M3M-blue,DJI_202606221228_008_20,20260622,1581F5FK324BE00CS1SX,493OL944AB0594,20,617,2026-06-22 18:33:22.163036+00:00,2.978041666714671,0.9703333973884583,0.0,4.0,,0.0,1,blue,False
surveys/2026_front_country/summer/data_collection/M3M-blue/DCIM/DJI_202606221255_009_20/,2026,summer,M3M-blue,DJI_202606221255_009_20,20260622,1581F5FK324BE00CS1SX,493OL944AB0594,20,538,2026-06-22 19:01:07.703163+00:00,3.304889614604532,0.7959865033626556,0.0,3.75,,0.0,1,blue,False
surveys/2026_front_country/summer/data_collection/M3M-blue/DCIM/DJI_202606221320_010_20/,2026,summer,M3M-blue,DJI_202606221320_010_20,20260622,1581F5FK324BE00CS1SX,493OL944AB0594,20,621,2026-06-22 19:25:35.630783+00:00,2.882671285921139,0.9284029901027679,0.0,3.5,,0.0,1,blue,False
surveys/2026_front_country/summer/data_collection/M3M-blue/DCIM/DJI_202606221507_011_20/,2026,summer,M3M-blue,DJI_202606221507_011_20,20260622,1581F5FK324BE00CS1SX,493OL944AB0594,20,302,2026-06-22 21:11:01.145951+00:00,3.0007392396497976,0.9177063703536987,0.0,2.8,,0.0,1,blue,False
surveys/2026_front_country/summer/data_collection/M3M-blue/DCIM/DJI_202606231033_001_5/,2026,summer,M3M-blue,DJI_202606231033_001_5,20260623,1581F5FK324BE00CS1SX,493OL944AB0594,20,567,2026-06-23 16:39:58.165911+00:00,2.8104035388868587,1.2416473627090454,0.0,3.5,,0.0,1,blue,False
surveys/2026_front_country/summer/data_collection/M3M-blue/DCIM/DJI_202606231101_003_5/,2026,summer,M3M-blue,DJI_202606231101_003_5,20260623,1581F5FK324BE00CS1SX,493OL944AB0594,20,548,2026-06-23 17:08:17.366298+00:00,2.9813410216204668,1.2465614676475525,0.0,3.5,,0.0,1,blue,False
surveys/2026_front_country/summer/data_collection/M3M-blue/DCIM/DJI_202606231130_004_5/,2026,summer,M3M-blue,DJI_202606231130_004_5,20260623,1581F5FK324BE00CS1SX,493OL944AB0594,20,563,2026-06-23 17:35:29.586154+00:00,2.9685276032385595,1.0239752531051636,0.0,4.0,,0.0,1,blue,False
surveys/2026_front_country/summer/data_collection/M3M-blue/DCIM/DJI_202606231200_006_5/,2026,summer,M3M-blue,DJI_202606231200_006_5,20260623,1581F5FK324BE00CS1SX,493OL944AB0594,20,503,2026-06-23 18:04:41.486813+00:00,4.008112188140529,0.24159651994705195,0.85,3.5,5132.0,1.0,1,blue,True
surveys/2026_front_country/summer/data_collection/M3M-blue/DCIM/DJI_202606231301_009_1/,2026,summer,M3M-blue,DJI_202606231301_009_1,20260623,1581F5FK324BE00CS1SX,493OL944AB0594,20,658,2026-06-23 19:06:27.950442+00:00,2.836580932486086,1.3092407584190369,0.0,3.5,,0.0,1,blue,False
surveys/2026_front_country/summer/data_collection/M3M-blue/DCIM/DJI_202606231334_011_1/,2026,summer,M3M-blue,DJI_202606231334_011_1,20260623,1581F5FK324BE00CS1SX,493OL944AB0594,20,558,2026-06-23 19:37:12.550386+00:00,2.9156019452171784,1.0485015511512756,0.0,3.5,,0.0,1,blue,False
surveys/2026_front_country/summer/data_collection/M3M-blue/DCIM/DJI_202606231401_013_1/,2026,summer,M3M-blue,DJI_202606231401_013_1,20260623,1581F5FK324BE00CS1SX,493OL944AB0594,20,163,2026-06-23 20:03:41.142394+00:00,3.688667606713892,0.32516893744468683,0.15,3.35,7691.0,1.0,1,blue,False
surveys/2026_front_country/summer/data_collection/M3M-blue/DCIM/DJI_202606241101_014_7/,2026,summer,M3M-blue,DJI_202606241101_014_7,20260624,1581F5FK324BE00CS1SX,493OL944AB0594,20,593,2026-06-24 17:06:09.217638+00:00,4.214396182116868,0.12202099338173865,0.85,3.0,7691.0,1.0,1,blue,True
surveys/2026_front_country/summer/data_collection/M3M-blue/DCIM/DJI_202606241127_015_7/,2026,summer,M3M-blue,DJI_202606241127_015_7,20260624,1581F5FK324BE00CS1SX,493OL944AB0594,20,473,2026-06-24 17:30:26.685758+00:00,2.9546164411051823,0.5267099738121033,0.0,3.2,,0.0,1,blue,False
surveys/2026_front_country/summer/data_collection/M3M-blue/DCIM/DJI_202606251021_017_15/,2026,summer,M3M-blue,DJI_202606251021_017_15,20260625,1581F5FK324BE00CS1SX,493OL944AB0594,20,550,2026-06-25 16:26:57.075284+00:00,3.3497715254142717,0.7620732486248016,0.0,3.2,,0.0,1,blue,False
surveys/2026_front_country/summer/data_collection/M3M-blue/DCIM/DJI_202606251047_018_15/,2026,summer,M3M-blue,DJI_202606251047_018_15,20260625,1581F5FK324BE00CS1SX,493OL944AB0594,20,676,2026-06-25 16:51:01.076049+00:00,3.3682449093197135,0.7181462347507477,0.0,3.2,,0.0,1,blue,False
surveys/2026_front_country/summer/data_collection/M3M-blue/DCIM/DJI_202606251114_019_15/,2026,summer,M3M-blue,DJI_202606251114_019_15,20260625,1581F5FK324BE00CS1SX,493OL944AB0594,20,661,2026-06-25 17:17:36.765950+00:00,2.999598455114076,1.0997359156608582,0.0,4.0,,0.0,1,blue,False
surveys/2026_front_country/summer/data_collection/M3M-blue/DCIM/DJI_202606251141_021_15/,2026,summer,M3M-blue,DJI_202606251141_021_15,20260625,1581F5FK324BE00CS1SX,493OL944AB0594,20,530,2026-06-25 17:45:57.127457+00:00,2.872055910861632,1.172769010066986,0.0,2.8,,0.0,1,blue,False
surveys/2026_front_country/summer/data_collection/M3M-blue/DCIM/DJI_202606261052_001_9/,2026,summer,M3M-blue,DJI_202606261052_001_9,20260626,1581F5FK324BE00CS1SX,493OL944AB0594,20,350,2026-06-26 16:57:26.417023+00:00,2.6075810579547634,1.0227933526039124,0.0,2.8,,0.0,1,blue,False
surveys/2026_front_country/summer/data_collection/M3M-blue/DCIM/DJI_202606300845_002_9/,2026,summer,M3M-blue,DJI_202606300845_002_9,20260630,1581F5FK324BE00CS1SX,493OL944AB0594,20,654,2026-06-30 14:50:35.257125+00:00,2.4490716536288826,1.6926658749580383,0.0,2.8,,0.0,1,blue,False
surveys/2026_front_country/summer/data_collection/M3M-blue/DCIM/DJI_202606300913_003_9/,2026,summer,M3M-blue,DJI_202606300913_003_9,20260630,1581F5FK324BE00CS1SX,493OL944AB0594,20,559,2026-06-30 15:19:13.945580+00:00,2.562457769374036,1.8347006440162659,0.0,2.8,,0.0,1,blue,False
surveys/2026_front_country/summer/data_collection/M3M-blue/DCIM/DJI_202606300940_005_9/,2026,summer,M3M-blue,DJI_202606300940_005_9,20260630,1581F5FK324BE00CS1SX,493OL944AB0594,20,551,2026-06-30 15:44:16.240950+00:00,2.7980963949775086,1.4000176787376404,0.0,2.8,,0.0,1,blue,False
surveys/2026_front_country/summer/data_collection/M3M-blue/DCIM/DJI_202606301005_007_9/,2026,summer,M3M-blue,DJI_202606301005_007_9,20260630,1581F5FK324BE00CS1SX,493OL944AB0594,20,453,2026-06-30 16:11:54.613621+00:00,3.86444282323808,0.40892188251018524,0.55,2.8,9228.0,1.0,1,blue,True
surveys/2026_front_country/summer/data_collection/M3M-green/DCIM/DJI_202606221013_001_16/,2026,summer,M3M-green,DJI_202606221013_001_16,20260622,1581F5FK324B100CS0ZN,493OK984AB00LH,20,474,2026-06-22 16:19:30.250898+00:00,2.81435306897679,1.1153200268745422,0.0,3.5,,0.0,1,green,False
surveys/2026_front_country/summer/data_collection/M3M-green/DCIM/DJI_202606221038_002_16/,2026,summer,M3M-green,DJI_202606221038_002_16,20260622,1581F5FK324B100CS0ZN,493OK984AB00LH,20,493,2026-06-22 16:44:03.012626+00:00,2.7638279656787716,1.2064875960350037,0.0,3.5,,0.0,1,green,False
surveys/2026_front_country/summer/data_collection/M3M-green/DCIM/DJI_202606221104_003_16/,2026,summer,M3M-green,DJI_202606221104_003_16,20260622,1581F5FK324B100CS0ZN,493OK984AB00LH,20,309,2026-06-22 17:10:36.535654+00:00,2.6601839689829587,1.3832977414131165,0.0,4.0,,0.0,1,green,False
surveys/2026_front_country/summer/data_collection/M3M-green/DCIM/DJI_202606221130_004_16/,2026,summer,M3M-green,DJI_202606221130_004_16,20260622,1581F5FK324B100CS0ZN,493OK984AB00LH,20,474,2026-06-22 17:37:40.079771+00:00,2.7737812151740107,1.3102447986602783,0.0,4.0,,0.0,1,green,False
surveys/2026_front_country/summer/data_collection/M3M-green/DCIM/DJI_202606221159_006_16/,2026,summer,M3M-green,DJI_202606221159_006_16,20260622,1581F5FK324B100CS0ZN,493OK984AB00LH,20,466,2026-06-22 18:05:46.167091+00:00,3.1625892245463545,0.8113026916980743,0.0,2.8,,0.0,1,green,False
surveys/2026_front_country/summer/data_collection/M3M-green/DCIM/DJI_202606221225_007_16/,2026,summer,M3M-green,DJI_202606221225_007_16,20260622,1581F5FK324B100CS0ZN,493OK984AB00LH,20,176,2026-06-22 18:30:33.591368+00:00,3.0350493341546905,1.051974356174469,0.0,4.0,23052.0,1.0,1,green,False
surveys/2026_front_country/summer/data_collection/M3M-green/DCIM/DJI_202606231039_001_6/,2026,summer,M3M-green,DJI_202606231039_001_6,20260623,1581F5FK324B100CS0ZN,493OK984AB00LH,20,617,2026-06-23 16:45:04.672220+00:00,3.1557413232136673,0.33460670709609985,0.0,3.0,,0.0,1,green,False
surveys/2026_front_country/summer/data_collection/M3M-green/DCIM/DJI_202606231107_003_6/,2026,summer,M3M-green,DJI_202606231107_003_6,20260623,1581F5FK324B100CS0ZN,493OK984AB00LH,20,613,2026-06-23 17:12:24.708696+00:00,2.7494090971756076,0.6831618547439575,0.0,3.2,,0.0,1,green,False
surveys/2026_front_country/summer/data_collection/M3M-green/DCIM/DJI_202606231135_004_6/,2026,summer,M3M-green,DJI_202606231135_004_6,20260623,1581F5FK324B100CS0ZN,493OK984AB00LH,20,620,2026-06-23 17:39:23.866232+00:00,2.83571869233085,0.8723699152469635,0.0,3.2,,0.0,1,green,False
surveys/2026_front_country/summer/data_collection/M3M-green/DCIM/DJI_202606231203_005_6/,2026,summer,M3M-green,DJI_202606231203_005_6,20260623,1581F5FK324B100CS0ZN,493OK984AB00LH,20,483,2026-06-23 18:07:01.569490+00:00,2.8769567596702084,0.7847735285758972,0.0,3.5,,0.0,1,green,False
surveys/2026_front_country/summer/data_collection/M3M-green/DCIM/DJI_202606231304_006_0/,2026,summer,M3M-green,DJI_202606231304_006_0,20260623,1581F5FK324B100CS0ZN,493OK984AB00LH,20,596,2026-06-23 19:11:05.650678+00:00,2.790092100649977,1.4905248880386353,0.0,3.5,,0.0,1,green,False
surveys/2026_front_country/summer/data_collection/M3M-green/DCIM/DJI_202606231332_007_0/,2026,summer,M3M-green,DJI_202606231332_007_0,20260623,1581F5FK324B100CS0ZN,493OK984AB00LH,20,282,2026-06-23 19:36:47.300720+00:00,2.9225193665020583,1.2223759293556211,0.0,3.5,,0.0,1,green,False
surveys/2026_front_country/summer/data_collection/M3M-green/DCIM/DJI_202606241105_008_11/,2026,summer,M3M-green,DJI_202606241105_008_11,20260624,1581F5FK324B100CS0ZN,493OK984AB00LH,20,603,2026-06-24 17:10:18.753859+00:00,2.8554497981973173,0.9859702587127687,0.0,3.2,,0.0,1,green,False
surveys/2026_front_country/summer/data_collection/M3M-green/DCIM/DJI_202606241131_009_11/,2026,summer,M3M-green,DJI_202606241131_009_11,20260624,1581F5FK324B100CS0ZN,493OK984AB00LH,20,507,2026-06-24 17:34:56.424260+00:00,2.8071507179385637,1.142383098602295,0.0,3.5,,0.0,1,green,False
surveys/2026_front_country/summer/data_collection/M3M-green/DCIM/DJI_202606241157_010_11/,2026,summer,M3M-green,DJI_202606241157_010_11,20260624,1581F5FK324B100CS0ZN,493OK984AB00LH,20,491,2026-06-24 18:01:38.582710+00:00,3.5842015112964827,0.41534219682216644,0.25,3.5,6594.0,1.0,1,green,False
surveys/2026_front_country/summer/data_collection/M3M-green/DCIM/DJI_202606241220_011_11/,2026,summer,M3M-green,DJI_202606241220_011_11,20260624,1581F5FK324B100CS0ZN,493OK984AB00LH,20,465,2026-06-24 18:25:59.152230+00:00,3.026851270229259,0.8406173586845398,0.0,3.5,,0.0,1,green,False
surveys/2026_front_country/summer/data_collection/M3M-green/DCIM/DJI_202606241244_012_11/,2026,summer,M3M-green,DJI_202606241244_012_11,20260624,1581F5FK324B100CS0ZN,493OK984AB00LH,20,396,2026-06-24 18:48:52.184523+00:00,2.985119087476526,0.9239223003387451,0.0,4.0,,0.0,1,green,False
surveys/2026_front_country/summer/data_collection/M3M-green/DCIM/DJI_202606251122_013_14/,2026,summer,M3M-green,DJI_202606251122_013_14,20260625,1581F5FK324B100CS0ZN,493OK984AB00LH,20,592,2026-06-25 17:28:43.756972+00:00,3.1464372255372615,0.7596448659896851,0.05,3.5,,0.0,1,green,False
surveys/2026_front_country/summer/data_collection/M3M-green/DCIM/DJI_202606251151_014_14/,2026,summer,M3M-green,DJI_202606251151_014_14,20260625,1581F5FK324B100CS0ZN,493OK984AB00LH,20,227,2026-06-25 17:55:37.232179+00:00,3.0668981970232436,0.9028971195220947,0.05,2.8,,0.0,1,green,False
surveys/2026_front_country/summer/data_collection/M3M-green/DCIM/DJI_202606251226_015_14/,2026,summer,M3M-green,DJI_202606251226_015_14,20260625,1581F5FK324B100CS0ZN,493OK984AB00LH,20,69,2026-06-25 18:29:20.212956+00:00,3.5055411065416378,0.4551915824413299,0.25,2.8,,0.0,1,green,False
surveys/2026_front_country/summer/data_collection/M3M-green/DCIM/DJI_202606251239_016_14/,2026,summer,M3M-green,DJI_202606251239_016_14,20260625,1581F5FK324B100CS0ZN,493OK984AB00LH,20,309,2026-06-25 18:43:42.131784+00:00,5.312246583820256,0.1322692409157753,1.0,2.8,3303.0,1.0,1,green,True
surveys/2026_front_country/summer/data_collection/M3M-green/DCIM/DJI_202606251255_017_14/,2026,summer,M3M-green,DJI_202606251255_017_14,20260625,1581F5FK324B100CS0ZN,493OK984AB00LH,20,639,2026-06-25 19:00:08.864852+00:00,3.1642902602880922,0.8935048580169678,0.05,3.5,,0.0,1,green,False
surveys/2026_front_country/summer/data_collection/M3M-green/DCIM/DJI_202606251323_019_14/,2026,summer,M3M-green,DJI_202606251323_019_14,20260625,1581F5FK324B100CS0ZN,493OK984AB00LH,20,522,2026-06-25 19:28:11.665745+00:00,2.9379149704699117,0.9392607808113098,0.0,2.8,,0.0,1,green,False
surveys/2026_front_country/summer/data_collection/M3M-green/DCIM/DJI_202606261057_001_4/,2026,summer,M3M-green,DJI_202606261057_001_4,20260626,1581F5FK324B100CS0ZN,493OK984AB00LH,20,200,2026-06-26 17:01:59.928345+00:00,2.71781239267992,1.274211823940277,0.0,2.8,,0.0,1,green,False
surveys/2026_front_country/summer/data_collection/M3M-green/DCIM/DJI_202606300849_002_4/,2026,summer,M3M-green,DJI_202606300849_002_4,20260630,1581F5FK324B100CS0ZN,493OK984AB00LH,20,547,2026-06-30 14:54:56.335576+00:00,2.63954904725093,1.9004039764404297,0.0,2.8,,0.0,1,green,False
surveys/2026_front_country/summer/data_collection/M3M-green/DCIM/DJI_202606300916_003_4/,2026,summer,M3M-green,DJI_202606300916_003_4,20260630,1581F5FK324B100CS0ZN,493OK984AB00LH,20,500,2026-06-30 15:23:17.222549+00:00,2.528278948895883,1.8347041010856628,0.0,2.8,,0.0,1,green,False
surveys/2026_front_country/summer/data_collection/M3M-green/DCIM/DJI_202606300942_004_4/,2026,summer,M3M-green,DJI_202606300942_004_4,20260630,1581F5FK324B100CS0ZN,493OK984AB00LH,20,485,2026-06-30 15:48:59.598845+00:00,2.6978943260253647,1.7169679403305054,0.0,2.8,,0.0,1,green,False
surveys/2026_front_country/summer/data_collection/M3M-green/DCIM/DJI_202606301009_006_4/,2026,summer,M3M-green,DJI_202606301009_006_4,20260630,1581F5FK324B100CS0ZN,493OK984AB00LH,20,566,2026-06-30 16:15:34.606242+00:00,2.715174700724894,1.5228972434997559,0.0,3.2,,0.0,1,green,False
surveys/2026_front_country/summer/data_collection/M3M-green/DCIM/DJI_202606301036_008_4/,2026,summer,M3M-green,DJI_202606301036_008_4,20260630,1581F5FK324B100CS0ZN,493OK984AB00LH,20,72,2026-06-30 16:40:00.636661+00:00,2.795973872177856,1.2430179119110107,0.0,3.2,,0.0,1,green,False
surveys/2026_front_country/summer/data_collection/M3M-green/DCIM/DJI_202607010952_009_3/,2026,summer,M3M-green,DJI_202607010952_009_3,20260701,1581F5FK324B100CS0ZN,493OK984AB00LH,20,605,2026-07-01 15:56:19.324869+00:00,3.1116388069046654,0.905703604221344,0.0,3.35,,0.0,1,green,False
surveys/2026_front_country/summer/data_collection/M3M-green/DCIM/DJI_202607011018_010_3/,2026,summer,M3M-green,DJI_202607011018_010_3,20260701,1581F5FK324B100CS0ZN,493OK984AB00LH,20,616,2026-07-01 16:23:43.823211+00:00,2.6998143594562745,1.1890729069709778,0.0,3.2,,0.0,1,green,False
surveys/2026_front_country/summer/data_collection/M3M-green/DCIM/DJI_202607011047_012_3/,2026,summer,M3M-green,DJI_202607011047_012_3,20260701,1581F5FK324B100CS0ZN,493OK984AB00LH,20,523,2026-07-01 16:52:36.179197+00:00,2.7251105615728024,0.6727275550365448,0.0,3.2,,0.0,1,green,False
surveys/2026_front_country/summer/data_collection/M3M-green/DCIM/DJI_202607011113_014_3/,2026,summer,M3M-green,DJI_202607011113_014_3,20260701,1581F5FK324B100CS0ZN,493OK984AB00LH,20,455,2026-07-01 17:18:06.117668+00:00,2.923379928190614,0.47068218886852264,0.0,3.5,,0.0,1,green,False
surveys/2026_front_country/summer/data_collection/M3M-red/DCIM/DJI_202606221004_001_17/,2026,summer,M3M-red,DJI_202606221004_001_17,20260622,1581F5FKC249B00DE0MJ,493OM584AB0CXT,20,312,2026-06-22 16:11:31.524140+00:00,2.8109798024518566,1.0859224200248718,0.0,3.2,11532.0,1.0,1,red,False
surveys/2026_front_country/summer/data_collection/M3M-red/DCIM/DJI_202606221031_003_17/,2026,summer,M3M-red,DJI_202606221031_003_17,20260622,1581F5FKC249B00DE0MJ,493OM584AB0CXT,20,370,2026-06-22 16:37:49.766501+00:00,2.6929894507168006,1.2270810008049011,0.0,3.5,15371.0,1.0,1,red,False
surveys/2026_front_country/summer/data_collection/M3M-red/DCIM/DJI_202606221102_005_17/,2026,summer,M3M-red,DJI_202606221102_005_17,20260622,1581F5FKC249B00DE0MJ,493OM584AB0CXT,20,242,2026-06-22 17:10:33.255802+00:00,2.6303022305295647,1.4480760097503662,0.0,3.75,23052.0,0.7,2,red,False
surveys/2026_front_country/summer/data_collection/M3M-red/DCIM/DJI_202606221132_007_17/,2026,summer,M3M-red,DJI_202606221132_007_17,20260622,1581F5FKC249B00DE0MJ,493OM584AB0CXT,20,299,2026-06-22 17:39:00.574867+00:00,2.6495240151890744,1.227912724018097,0.0,4.0,23052.0,1.0,1,red,False
surveys/2026_front_country/summer/data_collection/M3M-red/DCIM/DJI_202606221158_009_17/,2026,summer,M3M-red,DJI_202606221158_009_17,20260622,1581F5FKC249B00DE0MJ,493OM584AB0CXT,20,44,2026-06-22 18:03:11.894785+00:00,2.5622399411327335,1.2550553679466248,0.0,2.8,23052.0,1.0,1,red,False
surveys/2026_front_country/summer/data_collection/M3M-red/DCIM/DJI_202606231022_001_2/,2026,summer,M3M-red,DJI_202606231022_001_2,20260623,1581F5FKC249B00DE0MJ,493OM584AB0CXT,20,421,2026-06-23 16:28:36.875834+00:00,2.7794020187601953,0.7937869429588318,0.0,3.0,,0.0,1,red,False
surveys/2026_front_country/summer/data_collection/M3M-red/DCIM/DJI_202606231051_003_2/,2026,summer,M3M-red,DJI_202606231051_003_2,20260623,1581F5FKC249B00DE0MJ,493OM584AB0CXT,20,398,2026-06-23 17:00:07.622287+00:00,2.710383071234076,0.8656525313854218,0.0,3.2,,0.0,1,red,False
surveys/2026_front_country/summer/data_collection/M3M-red/DCIM/DJI_202606231124_005_2/,2026,summer,M3M-red,DJI_202606231124_005_2,20260623,1581F5FKC249B00DE0MJ,493OM584AB0CXT,20,333,2026-06-23 17:30:34.287422+00:00,2.742046783876156,0.7287287414073944,0.0,3.5,,0.0,1,red,False
surveys/2026_front_country/summer/data_collection/M3M-red/DCIM/DJI_202606241108_006_12/,2026,summer,M3M-red,DJI_202606241108_006_12,20260624,1581F5FKC249B00DE0MJ,493OM584AB0CXT,20,481,2026-06-24 17:15:33.473617+00:00,2.8137596559244793,0.6299070119857788,0.0,3.5,15371.0,1.0,1,red,False
surveys/2026_front_country/summer/data_collection/M3M-red/DCIM/DJI_202606241140_008_12/,2026,summer,M3M-red,DJI_202606241140_008_12,20260624,1581F5FKC249B00DE0MJ,493OM584AB0CXT,20,472,2026-06-24 17:44:03.351498+00:00,2.7591967639267527,0.9170458912849426,0.0,3.5,46092.0,1.0,1,red,False
surveys/2026_front_country/summer/data_collection/M3M-red/DCIM/DJI_202606241210_010_12/,2026,summer,M3M-red,DJI_202606241210_010_12,20260624,1581F5FKC249B00DE0MJ,493OM584AB0CXT,20,284,2026-06-24 18:15:21.095301+00:00,2.7704516761930407,1.0381161570549011,0.0,3.75,23052.0,1.0,1,red,False
surveys/2026_front_country/summer/data_collection/M3M-red/DCIM/DJI_202606250959_011_18/,2026,summer,M3M-red,DJI_202606250959_011_18,20260625,1581F5FKC249B00DE0MJ,493OM584AB0CXT,20,430,2026-06-25 16:03:34.181332+00:00,3.0166949191008365,0.8040777146816254,0.0,3.5,,0.0,1,red,False
surveys/2026_front_country/summer/data_collection/M3M-red/DCIM/DJI_202606251026_013_18/,2026,summer,M3M-red,DJI_202606251026_013_18,20260625,1581F5FKC249B00DE0MJ,493OM584AB0CXT,20,476,2026-06-25 16:30:11.950199+00:00,2.937112947749108,1.149905264377594,0.0,2.8,,0.0,1,red,False
surveys/2026_front_country/summer/data_collection/M3M-red/DCIM/DJI_202606251056_014_18/,2026,summer,M3M-red,DJI_202606251056_014_18,20260625,1581F5FKC249B00DE0MJ,493OM584AB0CXT,20,91,2026-06-25 17:00:40.949459+00:00,4.451757873158915,0.19771414995193476,0.95,3.35,,0.0,1,red,True
surveys/2026_front_country/summer/data_collection/M3M-red/DCIM/DJI_202606251241_015_13/,2026,summer,M3M-red,DJI_202606251241_015_13,20260625,1581F5FKC249B00DE0MJ,493OM584AB0CXT,20,500,2026-06-25 18:45:41.556723+00:00,3.044532539776154,1.0687902569770813,0.0,3.0,,0.0,1,red,False
surveys/2026_front_country/summer/data_collection/M3M-red/DCIM/DJI_202606251311_016_13/,2026,summer,M3M-red,DJI_202606251311_016_13,20260625,1581F5FKC249B00DE0MJ,493OM584AB0CXT,20,315,2026-06-25 19:15:22.962514+00:00,2.927448877524987,0.8716329336166382,0.0,4.0,23052.0,0.95,3,red,False
surveys/2026_front_country/summer/data_collection/M3M-red/DCIM/DJI_202606261048_001_10/,2026,summer,M3M-red,DJI_202606261048_001_10,20260626,1581F5FKC249B00DE0MJ,493OM584AB0CXT,20,271,2026-06-26 16:56:04.013883+00:00,2.6382763793061934,1.3723157048225403,0.0,2.8,,0.0,1,red,False
surveys/2026_front_country/summer/data_collection/M3M-red/DCIM/DJI_202606300842_003_10/,2026,summer,M3M-red,DJI_202606300842_003_10,20260630,1581F5FKC249B00DE0MJ,493OM584AB0CXT,20,345,2026-06-30 14:48:49.148940+00:00,2.593504142075164,1.7231609225273132,0.0,2.8,,0.0,1,red,False
surveys/2026_front_country/summer/data_collection/M3M-red/DCIM/DJI_202606300908_005_10/,2026,summer,M3M-red,DJI_202606300908_005_10,20260630,1581F5FKC249B00DE0MJ,493OM584AB0CXT,20,335,2026-06-30 15:13:54.142495+00:00,2.660946049392551,1.6882437467575073,0.0,2.8,,0.0,1,red,False
surveys/2026_front_country/summer/data_collection/M3M-red/DCIM/DJI_202606300933_007_10/,2026,summer,M3M-red,DJI_202606300933_007_10,20260630,1581F5FKC249B00DE0MJ,493OM584AB0CXT,20,352,2026-06-30 15:38:47.072624+00:00,2.700913105155678,1.680038332939148,0.0,2.8,,0.0,1,red,False
surveys/2026_front_country/summer/data_collection/M3M-red/DCIM/DJI_202606300959_009_10/,2026,summer,M3M-red,DJI_202606300959_009_10,20260630,1581F5FKC249B00DE0MJ,493OM584AB0CXT,20,294,2026-06-30 16:04:12.424018+00:00,2.8531168397577615,1.4484549164772034,0.0,3.0,,0.0,1,red,False
surveys/2026_front_country/summer/data_collection/M3M-red/DCIM/DJI_202606301025_010_10/,2026,summer,M3M-red,DJI_202606301025_010_10,20260630,1581F5FKC249B00DE0MJ,493OM584AB0CXT,20,315,2026-06-30 16:30:41.382076+00:00,2.8880035254381724,1.4759621620178223,0.0,3.2,,0.0,1,red,False
surveys/2026_front_country/summer/data_collection/M3M-red/DCIM/DJI_202607010956_011_8/,2026,summer,M3M-red,DJI_202607010956_011_8,20260701,1581F5FKC249B00DE0MJ,493OM584AB0CXT,20,527,2026-07-01 16:00:04.201914+00:00,2.6854253520191165,1.377232849597931,0.0,2.8,,0.0,1,red,False
surveys/2026_front_country/summer/data_collection/M3M-red/DCIM/DJI_202607011027_013_8/,2026,summer,M3M-red,DJI_202607011027_013_8,20260701,1581F5FKC249B00DE0MJ,493OM584AB0CXT,20,468,2026-07-01 16:30:17.204887+00:00,2.7959774840383984,1.1956722140312195,0.0,3.5,23052.0,1.0,1,red,False
surveys/2026_front_country/summer/data_collection/M3M-red/DCIM/DJI_202607011054_015_8/,2026,summer,M3M-red,DJI_202607011054_015_8,20260701,1581F5FKC249B00DE0MJ,493OM584AB0CXT,20,326,2026-07-01 16:57:41.708286+00:00,2.7091467871427084,1.2297598719596863,0.0,3.2,15371.0,1.0,1,red,False
